date,effr,discount,cpi_yoy,core_yoy,unrate,gs10,real_effr,real_effr_core
1947-01-01,,,,,,,,
1947-02-01,,,,,,,,
1947-03-01,,,,,,,,
1947-04-01,,,,,,,,
1947-05-01,,,,,,,,
1947-06-01,,,,,,,,
1947-07-01,,,,,,,,
1947-08-01,,,,,,,,
1947-09-01,,,,,,,,
1947-10-01,,,,,,,,
1947-11-01,,,,,,,,
1947-12-01,,,,,,,,
1948-01-01,,,10.242085661080068,,3.4,,,
1948-02-01,,,9.481961147086038,,3.8,,,
1948-03-01,,,6.818181818181812,,4.0,,,
1948-04-01,,,8.272727272727277,,3.9,,,
1948-05-01,,,9.384965831435089,,3.5,,,
1948-06-01,,,9.375,,3.6,,,
1948-07-01,,,9.761583445793963,,3.6,,,
1948-08-01,,,9.062499999999996,,3.9,,,
1948-09-01,,,6.654991243432562,,3.8,,,
1948-10-01,,,6.110868616324749,,3.7,,,
1948-11-01,,,4.770164787510844,,3.8,,,
1948-12-01,,,2.733874412644166,,4.0,,,
1949-01-01,,,1.3935810810810967,,4.3,,,
1949-02-01,,,1.0139416983523386,,4.7,,,
1949-03-01,,,1.744680851063829,,5.0,,,
1949-04-01,,,0.4198152812762368,,5.3,,,
1949-05-01,,,-0.4164931278633932,,6.1,,,
1949-06-01,,,-0.9523809523809379,,6.2,,,
1949-07-01,,,-2.868852459016391,,6.7,,,
1949-08-01,,,-2.988129349160873,,6.8,,,
1949-09-01,,,-2.504105090311981,,6.6,,,
1949-10-01,,,-2.6326614561908546,,7.9,,,
1949-11-01,,,-1.9039735099337762,,6.4,,,
1949-12-01,,,-1.8295218295218296,,6.6,,,
1950-01-01,,1.5,-2.082465639316955,,6.5,,,
1950-02-01,,1.5,-1.2547051442910906,,6.4,,,
1950-03-01,,1.5,-1.129234629861986,,6.3,,,
1950-04-01,,1.5,-1.1287625418060276,,5.8,,,
1950-05-01,,1.5,-0.5855290673358438,,5.5,,,
1950-06-01,,1.5,-0.16722408026756952,,5.4,,,
1950-07-01,,1.5,1.561181434599157,,5.0,,,
1950-08-01,,1.59,2.1097046413502074,,4.5,,,
1950-09-01,,1.75,2.4842105263158,,4.4,,,
1950-10-01,,1.75,3.50654837346851,,4.2,,,
1950-11-01,,1.75,3.797468354430378,,4.2,,,
1950-12-01,,1.75,5.80262600592969,,4.3,,,
1951-01-01,,1.75,7.9540621012335055,,3.7,,,
1951-02-01,,1.75,9.402795425667087,,3.4,,,
1951-03-01,,1.75,9.475465313028764,,3.4,,,
1951-04-01,,1.75,9.598308668076116,,3.1,,,
1951-05-01,,1.75,9.339503575936048,,3.0,,,
1951-06-01,,1.75,8.584589614740379,,3.2,,,
1951-07-01,,1.75,7.644370585791438,,3.1,,,
1951-08-01,,1.75,6.859504132231398,,3.1,,,
1951-09-01,,1.75,6.943303204601481,,3.3,,,
1951-10-01,,1.75,6.775510204081625,,3.5,,,
1951-11-01,,1.75,6.991869918699178,,3.5,,,
1951-12-01,,1.75,5.964771817453962,,3.1,,,
1952-01-01,,1.75,4.215918045705291,,3.2,,,
1952-02-01,,1.75,2.245451025938827,,3.1,,,
1952-03-01,,1.75,1.9706336939721902,,2.9,,,
1952-04-01,,1.75,2.083333333333326,,2.9,,,
1952-05-01,,1.75,1.8468641785302164,,3.0,,,
1952-06-01,,1.75,2.313922097956045,,3.0,,,
1952-07-01,,1.75,2.9718255499807,,3.2,,,
1952-08-01,,1.75,3.209590100541382,,3.4,,,
1952-09-01,,1.75,2.3050326546292688,,3.1,,,
1952-10-01,,1.75,2.0259938837920544,,3.0,,,
1952-11-01,,1.75,1.4057750759878473,,2.8,,,
1952-12-01,,1.75,0.9066868152625585,,2.7,,,
1953-01-01,,1.88,0.7183364839319584,,2.9,,,
1953-02-01,,2.0,0.6815600151457879,,2.6,,,
1953-03-01,,2.0,0.9094353921940135,,2.6,,,
1953-04-01,,2.0,0.8692365835222926,,2.7,2.83,,
1953-05-01,,2.0,0.86890819795995,,2.5,3.05,,
1953-06-01,,2.0,0.9046362608367886,,2.5,3.11,,
1953-07-01,,2.0,0.41229385307346433,,2.6,2.93,,
1953-08-01,,2.0,0.5994754589734086,,2.7,2.95,,
1953-09-01,,2.0,0.9763424708974844,,2.9,2.87,,
1953-10-01,,2.0,0.9741476208317668,,3.1,2.66,,
1953-11-01,,2.0,0.5994754589734086,,3.5,2.68,,
1953-12-01,,2.0,0.5990265818045737,,4.5,2.59,,
1954-01-01,,2.0,1.1261261261261257,,4.9,2.48,,
1954-02-01,,1.79,1.5043249341857745,,5.2,2.47,,
1954-03-01,,1.75,1.1265490048817162,,5.7,2.37,,
1954-04-01,,1.63,0.6369426751592355,,5.9,2.29,,
1954-05-01,,1.5,0.8614232209737782,,5.9,2.37,,
1954-06-01,,1.5,0.635039223010847,,5.6,2.38,,
1954-07-01,0.8,1.5,0.26129152668905586,,5.8,2.3,0.5387084733109442,
1954-08-01,1.22,1.5,0.0,,6.0,2.36,1.22,
1954-09-01,1.07,1.5,-0.2975083674228385,,6.1,2.38,1.3675083674228385,
1954-10-01,0.85,1.5,-0.8534322820037077,,5.7,2.43,1.7034322820037078,
1954-11-01,0.83,1.5,-0.26070763500931626,,5.3,2.48,1.0907076350093163,
1954-12-01,1.28,1.5,-0.37216226274656705,,5.0,2.51,1.652162262746567,
1955-01-01,1.39,1.5,-0.6310319227913919,,4.9,2.61,2.0210319227913915,
1955-02-01,1.29,1.5,-0.6298629121896937,,4.7,2.65,1.9198629121896937,
1955-03-01,1.35,1.5,-0.519866320089124,,4.6,2.68,1.8698663200891241,
1955-04-01,1.43,1.63,-0.2606105733432673,,4.7,2.75,1.6906105733432673,
1955-05-01,1.43,1.75,-0.5941329372447068,,4.3,2.76,2.0241329372447066,
1955-06-01,1.64,1.75,-0.8537490720118779,,4.2,2.78,2.4937490720118776,
1955-07-01,1.68,1.75,-0.37230081906179935,,4.0,2.9,2.0523008190617995,
1955-08-01,1.96,1.97,-0.484171322160154,,4.2,2.97,2.444171322160154,
1955-09-01,2.18,2.18,0.14919806042521522,,4.1,2.97,2.030801939574785,
1955-10-01,2.24,2.25,0.37425149700598404,,4.3,2.88,1.8657485029940162,
1955-11-01,2.35,2.36,0.37341299477220424,,4.2,2.89,1.9765870052277958,
1955-12-01,2.48,2.5,0.37355248412402897,,4.2,2.96,2.106447515875971,
1956-01-01,2.45,2.5,0.22413149047439962,,4.0,2.9,2.2258685095256006,
1956-02-01,2.5,2.5,0.1491424310216205,,3.9,2.84,2.3508575689783795,
1956-03-01,2.5,2.5,0.3732736095558131,,4.2,2.96,2.126726390444187,
1956-04-01,2.62,2.65,0.5225830533781339,,4.0,3.18,2.097416946621866,
1956-05-01,2.75,2.75,0.9712364587224576,,4.3,3.07,1.7787635412775424,
1956-06-01,2.71,2.75,1.647323099962561,,4.3,3.0,1.062676900037439,
1956-07-01,2.75,2.75,1.9805680119581393,,4.4,3.11,0.7694319880418607,
1956-08-01,2.73,2.81,2.208083832335328,,4.1,3.33,0.521916167664672,
1956-09-01,2.95,3.0,1.862197392923659,,3.9,3.38,1.0878026070763411,
1956-10-01,2.96,3.0,2.572706935123037,,3.9,3.34,0.387293064876963,
1956-11-01,2.88,3.0,2.34375,,4.3,3.49,0.5362499999999999,
1956-12-01,2.94,3.0,2.828433196873825,,4.2,3.59,0.11156680312617473,
1957-01-01,2.84,3.0,3.130823704808061,,4.2,3.46,-0.2908237048080613,
1957-02-01,3.0,3.0,3.4996276991809516,,3.9,3.34,-0.4996276991809516,
1957-03-01,2.96,3.0,3.607288955001864,,3.7,3.41,-0.6472889550018639,
1957-04-01,3.0,3.0,3.713330857779429,,3.9,3.48,-0.7133308577794288,
1957-05-01,3.0,3.0,3.588605253422128,,4.1,3.6,-0.588605253422128,
1957-06-01,3.0,3.0,3.53591160220994,,4.3,3.8,-0.5359116022099402,
1957-07-01,2.99,3.0,3.2979113228288837,,4.2,3.93,-0.30791132282888345,
1957-08-01,3.24,3.15,3.551812522885389,,4.1,3.93,-0.31181252288538897,
1957-09-01,3.47,3.5,3.546617915904937,,4.4,3.92,-0.07661791590493694,
1957-10-01,3.5,3.5,2.944383860414379,,4.5,3.97,0.555616139585621,
1957-11-01,3.28,3.23,3.271537622682663,,5.1,3.72,0.008462377317336678,
1957-12-01,2.98,3.0,3.0401737242128135,,5.2,3.21,-0.06017372421281353,
1958-01-01,2.72,2.94,3.5056017347307566,2.807017543859658,5.8,3.09,-0.7856017347307565,-0.08701754385965765
1958-02-01,1.67,2.75,3.237410071942448,2.7972027972027913,6.4,3.05,-1.5674100719424482,-1.1272027972027914
1958-03-01,1.2,2.35,3.6252692031586653,2.7874564459930307,6.7,2.98,-2.425269203158665,-1.5874564459930307
1958-04-01,1.26,2.03,3.6161833154314316,2.430555555555558,7.4,2.88,-2.356183315431432,-1.170555555555558
1958-05-01,0.63,1.75,3.3571428571428585,2.430555555555558,7.4,2.92,-2.7271428571428586,-1.8005555555555581
1958-06-01,0.93,1.75,2.8459622909996485,2.422145328719738,7.3,2.97,-1.9159622909996483,-1.492145328719738
1958-07-01,0.68,1.75,2.483150053210359,2.0689655172413834,7.5,3.2,-1.8031500532103588,-1.3889655172413833
1958-08-01,1.53,1.75,2.333804809052342,2.0689655172413834,7.4,3.54,-0.8038048090523422,-0.5389655172413834
1958-09-01,1.76,1.91,2.083333333333326,2.0618556701030855,7.1,3.76,-0.3233333333333259,-0.30185567010308545
1958-10-01,1.8,2.0,2.083333333333326,1.7123287671232834,6.7,3.8,-0.2833333333333259,0.08767123287671663
1958-11-01,2.27,2.4,1.9007391763463444,1.7064846416382284,6.2,3.74,0.36926082365365565,0.5635153583617716
1958-12-01,2.42,2.5,1.7562346329469625,2.0477815699658564,6.2,3.86,0.6637653670530375,0.37221843003414357
1959-01-01,2.48,2.5,1.2918994413407825,2.0477815699658564,6.0,4.02,1.1881005586592175,0.4322184300341436
1959-02-01,2.43,2.5,1.0452961672473782,1.7006802721088343,5.9,3.96,1.384703832752622,0.7293197278911658
1959-03-01,2.8,2.92,0.3463803255975062,1.6949152542372836,5.6,3.99,2.4536196744024936,1.1050847457627162
1959-04-01,2.96,3.0,0.13821700069107656,1.6949152542372836,5.2,4.12,2.8217829993089234,1.2650847457627163
1959-05-01,2.9,3.05,0.3455425017277136,2.033898305084758,5.1,4.31,2.5544574982722863,0.8661016949152418
1959-06-01,3.39,3.5,0.6918021445866396,2.0270270270270174,5.0,4.34,2.6981978554133605,1.3629729729729827
1959-07-01,3.47,3.5,0.8999653859466772,2.0270270270270174,5.1,4.4,2.570034614053323,1.4429729729729828
1959-08-01,3.5,3.5,0.8293020041465038,2.0270270270270174,5.2,4.43,2.670697995853496,1.4729729729729826
1959-09-01,3.76,3.83,1.1760636457972984,2.020202020202033,5.5,4.68,2.5839363542027014,1.7397979797979666
1959-10-01,3.98,4.0,1.5219647180906293,2.3569023569023573,5.7,4.53,2.4580352819093707,1.6230976430976427
1959-11-01,4.0,4.0,1.3816925734024155,2.0134228187919323,5.8,4.53,2.6183074265975845,1.9865771812080677
1959-12-01,3.99,4.0,1.5188125647221273,2.006688963210701,5.3,4.69,2.471187435277873,1.9833110367892992
1960-01-01,3.99,4.0,1.2409513960703222,2.006688963210701,5.2,4.72,2.749048603929678,1.9833110367892992
1960-02-01,3.97,4.0,1.4137931034482687,2.34113712374584,4.8,4.49,2.5562068965517315,1.6288628762541602
1960-03-01,3.84,4.0,1.5188125647221273,2.0000000000000018,5.4,4.25,2.3211874352778725,1.839999999999998
1960-04-01,3.92,4.0,1.9323671497584405,2.0000000000000018,5.2,4.28,1.9876328502415594,1.9199999999999982
1960-05-01,3.85,4.0,1.8250688705234275,1.661129568106312,5.1,4.35,2.0249311294765726,2.188870431893688
1960-06-01,3.32,3.65,1.7176228100309165,1.655629139072845,5.4,4.15,1.6023771899690833,1.6643708609271548
1960-07-01,3.23,3.5,1.3722126929674117,1.324503311258285,5.5,3.9,1.8577873070325883,1.905496688741715
1960-08-01,2.98,3.18,1.473612063056895,1.324503311258285,5.6,3.8,1.506387936943105,1.655496688741715
1960-09-01,2.6,3.0,1.2307692307692353,0.990099009900991,5.5,3.8,1.3692307692307648,1.609900990099009
1960-10-01,2.47,3.0,1.3628620102214661,1.3157894736842257,6.1,3.89,1.107137989778534,1.1542105263157745
1960-11-01,2.44,3.0,1.4650766609880739,1.3157894736842257,6.1,3.93,0.9749233390119261,1.1242105263157742
1960-12-01,1.98,3.0,1.3600816048962905,0.6557377049180246,6.6,3.84,0.6199183951037095,1.3242622950819753
1961-01-01,1.45,3.0,1.6002723867892366,0.9836065573770592,6.6,3.84,-0.1502723867892366,0.4663934426229408
1961-02-01,2.54,3.0,1.4620877252635056,0.6535947712418277,6.9,3.78,1.0779122747364944,1.8864052287581723
1961-03-01,2.02,3.0,1.4620877252635056,0.9803921568627416,6.9,3.74,0.5579122747364944,1.0396078431372584
1961-04-01,1.49,3.0,0.9140148950575577,0.9803921568627416,7.0,3.78,0.5759851049424423,0.5096078431372584
1961-05-01,1.98,3.0,0.9130875887723988,0.9803921568627416,7.1,3.71,1.0669124112276012,0.9996078431372584
1961-06-01,1.73,3.0,0.7767646065518496,0.9771986970684043,6.9,3.88,0.9532353934481503,0.7528013029315956
1961-07-01,1.17,3.0,1.25211505922167,1.3071895424836555,7.0,3.92,-0.08211505922167017,-0.13718954248365556
1961-08-01,2.0,3.0,1.1144883485309176,1.6339869281045694,6.6,4.04,0.8855116514690824,0.36601307189543064
1961-09-01,1.88,3.0,1.249577845322536,1.6339869281045694,6.7,3.98,0.630422154677464,0.24601307189543054
1961-10-01,2.26,3.0,0.7731092436974896,0.9740259740259827,6.5,3.92,1.4868907563025102,1.285974025974017
1961-11-01,2.61,3.0,0.671591672263272,1.298701298701288,6.1,3.94,1.9384083277367279,1.3112987012987118
1961-12-01,2.33,3.0,0.6709158000671067,1.6286644951140072,6.0,4.06,1.6590841999328934,0.7013355048859928
1962-01-01,2.15,3.0,0.6702412868632601,1.298701298701288,5.8,4.08,1.4797587131367398,0.8512987012987119
1962-02-01,2.37,3.0,0.9048257372654245,1.298701298701288,5.5,4.04,1.4651742627345756,1.071298701298712
1962-03-01,2.85,3.0,1.1058981233244003,1.2944983818770295,5.6,3.93,1.7441018766755998,1.5555016181229706
1962-04-01,2.78,3.0,1.3418316001341912,1.2944983818770295,5.6,3.84,1.4381683998658086,1.4855016181229703
1962-05-01,2.36,3.0,1.3404825737265424,1.6181229773462702,5.5,3.87,1.0195174262734574,0.7418770226537297
1962-06-01,2.68,3.0,1.2399463806970434,1.2903225806451646,5.5,3.91,1.4400536193029567,1.3896774193548356
1962-07-01,2.71,3.0,1.0026737967914423,1.2903225806451646,5.4,4.01,1.7073262032085577,1.4196774193548354
1962-08-01,2.93,3.0,1.135604542418167,1.2861736334405016,5.7,3.98,1.794395457581833,1.6438263665594985
1962-09-01,2.9,3.0,1.4676450967311627,1.2861736334405016,5.6,3.98,1.4323549032688372,1.6138263665594983
1962-10-01,2.9,3.0,1.3342228152101399,1.2861736334405016,5.4,3.93,1.56577718478986,1.6138263665594983
1962-11-01,2.94,3.0,1.3342228152101399,0.9615384615384581,5.7,3.92,1.60577718478986,1.9784615384615418
1962-12-01,2.93,3.0,1.2329223592135952,1.2820512820512997,5.5,3.86,1.697077640786405,1.6479487179487005
1963-01-01,2.92,3.0,1.331557922769644,0.9615384615384581,5.7,3.83,1.588442077230356,1.9584615384615418
1963-02-01,3.0,3.0,1.2288276320159497,1.2820512820512997,5.9,3.92,1.7711723679840503,1.7179487179487003
1963-03-01,2.98,3.0,1.1269472986410234,1.2779552715654896,5.7,3.93,1.8530527013589766,1.7020447284345104
1963-04-01,2.9,3.0,0.893743793445867,1.2779552715654896,5.7,3.97,2.006256206554133,1.6220447284345103
1963-05-01,3.0,3.0,0.8928571428571619,0.9554140127388644,5.9,3.93,2.107142857142838,2.0445859872611356
1963-06-01,2.99,3.0,1.3240648791790655,1.273885350318471,5.6,3.99,1.6659351208209348,1.7161146496815292
1963-07-01,3.02,3.24,1.5552614162806178,1.273885350318471,5.6,4.02,1.4647385837193823,1.746114649681529
1963-08-01,3.49,3.5,1.5521796565389767,1.2698412698412653,5.4,4.0,1.9378203434610235,2.220158730158735
1963-09-01,3.48,3.5,0.9861932938855844,1.2698412698412653,5.5,4.08,2.4938067061144156,2.2101587301587347
1963-10-01,3.5,3.5,1.2179065174456882,1.5873015873015817,5.5,4.11,2.2820934825543118,1.9126984126984183
1963-11-01,3.48,3.5,1.3166556945358954,1.5873015873015817,5.7,4.12,2.1633443054641046,1.8926984126984183
1963-12-01,3.38,3.5,1.6458196181698526,1.5822784810126667,5.5,4.13,1.7341803818301473,1.7977215189873332
1964-01-01,3.48,3.5,1.6425755584756896,2.2222222222222365,5.6,4.17,1.8374244415243104,1.2577777777777635
1964-02-01,3.48,3.5,1.4107611548556331,1.8987341772152,5.4,4.15,2.069238845144367,1.5812658227848
1964-03-01,3.43,3.5,1.4093739757456536,1.5772870662460692,5.4,4.22,2.0206260242543466,1.852712933753931
1964-04-01,3.47,3.5,1.5419947506561726,1.5772870662460692,5.3,4.23,1.9280052493438276,1.892712933753931
1964-05-01,3.5,3.5,1.5404785316289749,1.5772870662460692,5.1,4.2,1.9595214683710251,1.9227129337539308
1964-06-01,3.5,3.5,1.3067624959163693,1.5723270440251458,5.2,4.17,2.1932375040836307,1.9276729559748542
1964-07-01,3.42,3.5,1.0752688172043001,1.5723270440251458,4.9,4.19,2.3447311827957,1.8476729559748541
1964-08-01,3.5,3.5,0.9756097560975618,1.2539184952978122,5.0,4.19,2.524390243902438,2.246081504702188
1964-09-01,3.45,3.5,1.171875,1.2539184952978122,5.1,4.2,2.278125,2.196081504702188
1964-10-01,3.36,3.5,1.2032520325203189,1.2499999999999956,5.1,4.19,2.156747967479681,2.1100000000000043
1964-11-01,3.52,3.62,1.3970110461338558,1.5625,4.8,4.15,2.122988953866144,1.9575
1964-12-01,3.85,4.0,1.1981865284974136,1.2461059190031154,5.0,4.18,2.6518134715025865,2.6038940809968847
1965-01-01,3.9,4.0,1.098901098901095,1.2422360248447228,4.9,4.19,2.801098901098905,2.657763975155277
1965-02-01,3.98,4.0,1.1970236169524417,1.2422360248447228,5.1,4.21,2.7829763830475582,2.737763975155277
1965-03-01,4.05,4.0,1.1958629605688387,1.2422360248447228,4.7,4.21,2.854137039431161,2.807763975155277
1965-04-01,4.09,4.0,1.3893376413570246,1.552795031055898,4.8,4.2,2.700662358642975,2.537204968944102
1965-05-01,4.1,4.0,1.6139444803098701,1.552795031055898,4.6,4.21,2.4860555196901295,2.5472049689441016
1965-06-01,4.05,4.0,1.9348597226700903,1.2383900928792713,4.6,4.21,2.1151402773299095,2.8116099071207286
1965-07-01,4.09,4.0,1.8052869116698789,1.2383900928792713,4.4,4.2,2.284713088330121,2.8516099071207286
1965-08-01,4.12,4.0,1.6103059581320522,1.2383900928792713,4.4,4.25,2.509694041867948,2.881609907120729
1965-09-01,4.02,4.0,1.737451737451745,1.5479876160990669,4.3,4.29,2.2825482625482545,2.4720123839009327
1965-10-01,4.08,4.0,1.7030848329048665,1.2345679012345734,4.2,4.35,2.3769151670951336,2.8454320987654267
1965-11-01,4.1,4.0,1.7302146747837144,1.2307692307692353,4.1,4.45,2.3697853252162853,2.8692307692307644
1965-12-01,4.32,4.42,1.9200000000000106,1.538461538461533,4.0,4.62,2.3999999999999897,2.7815384615384673
1966-01-01,4.42,4.5,1.9181585677749302,1.2269938650306678,4.0,4.61,2.5018414322250697,3.193006134969332
1966-02-01,4.6,4.5,2.5575447570332477,1.5337423312883347,3.8,4.83,2.042455242966752,3.066257668711665
1966-03-01,4.66,4.5,2.7786649632705274,1.5337423312883347,3.8,4.87,1.8813350367294728,3.1262576687116654
1966-04-01,4.67,4.5,2.8680688336520044,1.83486238532109,3.8,4.75,1.8019311663479955,2.83513761467891
1966-05-01,4.9,4.5,2.763659466327839,2.1406727828745975,3.9,4.78,2.1363405336721613,2.759327217125403
1966-06-01,5.17,4.5,2.4359379943056148,2.4464831804281273,3.8,4.81,2.734062005694385,2.7235168195718726
1966-07-01,5.3,4.5,2.754908169727699,2.752293577981657,3.8,5.02,2.545091830272301,2.5477064220183427
1966-08-01,5.53,4.5,3.4865293185419866,3.0581039755351647,3.8,5.22,2.0434706814580137,2.4718960244648356
1966-09-01,5.4,4.5,3.5736875395319334,3.0487804878048808,3.7,5.18,1.826312460468067,2.3512195121951196
1966-10-01,5.53,4.5,3.791469194312813,3.658536585365857,3.7,5.01,1.738530805687187,1.8714634146341433
1966-11-01,5.76,4.5,3.5590551181102548,3.3434650455927084,3.6,5.16,2.200944881889745,2.4165349544072914
1966-12-01,5.4,4.5,3.3594976452119285,3.3333333333333437,3.8,4.84,2.040502354788072,2.0666666666666567
1967-01-01,4.94,4.5,3.19949811794229,3.6363636363636376,3.9,4.58,1.7405018820577105,1.3036363636363628
1967-02-01,5.0,4.5,2.8678304239401653,3.3232628398791597,3.8,4.63,2.1321695760598347,1.6767371601208403
1967-03-01,4.53,4.5,2.5481665630826544,3.6253776435045237,3.8,4.54,1.9818334369173458,0.9046223564954765
1967-04-01,4.05,4.1,2.5402726146220633,3.3033033033033066,3.8,4.59,1.5097273853779365,0.7466966966966933
1967-05-01,3.94,4.0,2.3183925811437467,3.293413173652704,3.8,4.85,1.6216074188562533,0.646586826347296
1967-06-01,3.98,4.0,2.8412600370598895,3.2835820895522394,3.9,5.02,1.1387399629401105,0.6964179104477606
1967-07-01,3.79,4.0,2.9275808936825687,3.2738095238095344,3.8,5.16,0.8624191063174313,0.5161904761904657
1967-08-01,3.9,4.0,2.6033690658499253,3.5608308605341144,3.8,5.28,1.2966309341500746,0.33916913946588556
1967-09-01,3.99,4.0,2.595419847328251,3.550295857988184,3.8,5.3,1.3945801526717494,0.4397041420118164
1967-10-01,3.88,4.0,2.5875190258751957,3.2352941176470695,4.0,5.48,1.2924809741248042,0.6447058823529304
1967-11-01,4.13,4.18,3.10218978102188,3.529411764705892,3.9,5.75,1.0278102189781197,0.6005882352941079
1967-12-01,4.51,4.5,3.280680437424044,3.8123167155425186,3.8,5.7,1.2293195625759559,0.6976832844574812
1968-01-01,4.61,4.5,3.647416413373872,3.801169590643272,3.7,5.53,0.9625835866261285,0.8088304093567285
1968-02-01,4.71,4.5,3.6363636363636376,4.385964912280693,3.8,5.56,1.0736363636363624,0.3240350877193068
1968-03-01,5.05,4.66,3.9393939393939315,4.37317784256559,3.7,5.74,1.1106060606060684,0.67682215743441
1968-04-01,5.76,5.2,3.92749244712991,4.3604651162790775,3.5,5.64,1.8325075528700898,1.3995348837209223
1968-05-01,6.12,5.5,4.229607250755274,4.347826086956519,3.5,5.87,1.8903927492447261,1.7721739130434813
1968-06-01,6.07,5.5,4.2042042042042205,4.6242774566473965,3.7,5.72,1.8657957957957798,1.4457225433526038
1968-07-01,6.03,5.5,4.491017964071853,4.899135446685876,3.7,5.5,1.5389820359281474,1.1308645533141242
1968-08-01,6.03,5.48,4.477611940298498,4.5845272206303855,3.5,5.42,1.552388059701502,1.4454727793696147
1968-09-01,5.78,5.25,4.464285714285721,4.857142857142871,3.4,5.46,1.3157142857142796,0.9228571428571293
1968-10-01,5.91,5.25,4.7477744807121525,5.12820512820511,3.4,5.58,1.1622255192878477,0.7817948717948902
1968-11-01,5.82,5.25,4.424778761061954,5.397727272727271,3.4,5.7,1.3952212389380465,0.4222727272727296
1968-12-01,6.02,5.36,4.705882352941182,5.084745762711873,3.4,6.03,1.3141176470588176,0.9352542372881265
1969-01-01,6.3,5.5,4.692082111436946,5.070422535211261,3.4,6.04,1.6079178885630538,1.229577464788739
1969-02-01,6.61,5.5,4.678362573099393,5.3221288515406195,3.4,6.19,1.9316374269006076,1.2878711484593808
1969-03-01,6.79,5.5,5.247813411078739,5.586592178770955,3.4,6.3,1.5421865889212611,1.203407821229045
1969-04-01,7.41,5.95,5.523255813953476,6.1281337047353945,3.4,6.17,1.8867441860465242,1.2818662952646056
1969-05-01,8.67,6.0,5.507246376811592,5.833333333333335,3.4,6.32,3.162753623188408,2.836666666666665
1969-06-01,8.9,6.0,5.475504322766556,5.80110497237567,3.5,6.57,3.4244956772334447,3.09889502762433
1969-07-01,8.61,6.0,5.4441260744985565,5.769230769230771,3.5,6.72,3.165873925501443,2.8407692307692285
1969-08-01,9.19,6.0,5.428571428571427,6.02739726027397,3.5,6.69,3.7614285714285725,3.1626027397260295
1969-09-01,9.15,6.0,5.698005698005693,5.9945504087193235,3.7,7.16,3.451994301994308,3.155449591280677
1969-10-01,9.0,6.0,5.665722379603411,5.962059620596216,3.7,7.1,3.3342776203965894,3.037940379403784
1969-11-01,8.85,6.0,5.932203389830515,5.660377358490565,3.5,7.14,2.9177966101694848,3.189622641509435
1969-12-01,8.97,6.0,5.89887640449438,5.913978494623651,3.5,7.65,3.071123595505621,3.05602150537635
1970-01-01,8.98,6.0,6.162464985994376,6.166219839142095,3.9,7.79,2.8175350140056246,2.813780160857905
1970-02-01,8.98,6.0,6.424581005586605,5.8510638297872175,4.2,7.24,2.5554189944133956,3.128936170212783
1970-03-01,7.76,6.0,6.094182825484751,6.084656084656093,4.4,7.07,1.665817174515249,1.6753439153439071
1970-04-01,8.1,6.0,6.060606060606077,6.036745406824129,4.6,7.39,2.039393939393922,2.063254593175871
1970-05-01,7.95,6.0,6.043956043956045,6.299212598425186,4.8,7.91,1.9060439560439555,1.6507874015748145
1970-06-01,7.61,6.0,6.010928961748618,6.5274151436031325,4.9,7.84,1.599071038251382,1.0825848563968679
1970-07-01,7.21,6.0,5.7065217391304435,6.233766233766236,5.0,7.46,1.5034782608695565,0.9762337662337641
1970-08-01,6.62,6.0,5.691056910569103,6.201550387596888,5.1,7.53,0.9289430894308968,0.41844961240311207
1970-09-01,6.29,6.0,5.660377358490565,6.169665809768632,5.4,7.39,0.6296226415094353,0.12033419023136815
1970-10-01,6.2,6.0,5.630026809651478,6.13810741687979,5.5,7.33,0.5699731903485219,0.061892583120210176
1970-11-01,5.6,5.85,5.600000000000005,6.632653061224469,5.9,6.84,-5.329070518200751e-15,-1.0326530612244698
1970-12-01,4.9,5.52,5.570291777188308,6.598984771573613,6.1,6.39,-0.6702917771883072,-1.6989847715736124
1971-01-01,4.14,5.23,5.277044854881274,6.313131313131315,5.9,6.24,-1.1370448548812746,-2.1731313131313152
1971-02-01,3.72,4.91,4.724409448818889,6.030150753768848,5.9,6.11,-1.004409448818889,-2.310150753768848
1971-03-01,3.71,4.75,4.438642297650142,5.2369077306733125,6.0,5.7,-0.7286422976501417,-1.5269077306733125
1971-04-01,4.16,4.75,4.155844155844157,4.950495049504955,5.9,5.83,0.004155844155842914,-0.7904950495049547
1971-05-01,4.63,4.75,4.404145077720201,5.185185185185182,5.9,6.39,0.2258549222797992,-0.5551851851851817
1971-06-01,4.91,4.75,4.381443298969079,4.90196078431373,5.9,6.52,0.5285567010309213,0.008039215686269863
1971-07-01,5.31,4.88,4.370179948586128,4.88997555012225,6.0,6.73,0.9398200514138715,0.4200244498777499
1971-08-01,5.57,5.0,4.358974358974366,4.622871046228716,6.1,6.58,1.2110256410256346,0.9471289537712844
1971-09-01,5.55,5.0,4.081632653061207,4.1162227602905554,6.0,6.14,1.468367346938793,1.4337772397094444
1971-10-01,5.2,5.0,3.8071065989847774,3.855421686746996,5.8,5.93,1.3928934010152227,1.3445783132530043
1971-11-01,4.91,4.9,3.535353535353525,3.349282296650724,6.0,5.81,1.3746464646464753,1.560717703349276
1971-12-01,4.14,4.63,3.266331658291466,3.0952380952380842,6.0,5.93,0.8736683417085338,1.0447619047619154
1972-01-01,3.51,4.5,3.2581453634085378,3.325415676959609,5.8,5.95,0.251854636591462,0.18458432304039096
1972-02-01,3.3,4.5,3.759398496240607,3.3175355450236976,5.7,6.08,-0.459398496240607,-0.017535545023697807
1972-03-01,3.83,4.5,3.499999999999992,3.3175355450236976,5.8,6.07,0.33000000000000806,0.5124644549763024
1972-04-01,4.17,4.5,3.4912718204488824,3.301886792452824,5.7,6.19,0.6787281795511175,0.868113207547176
1972-05-01,4.27,4.5,3.2258064516129226,3.0516431924882514,5.7,6.13,1.044193548387077,1.2183568075117481
1972-06-01,4.46,4.5,2.9629629629629672,2.8037383177570208,5.7,6.11,1.4970370370370327,1.6562616822429792
1972-07-01,4.55,4.5,2.9556650246305383,2.7972027972028135,5.6,6.11,1.5943349753694616,1.7527972027971863
1972-08-01,4.81,4.5,2.9484029484029284,3.023255813953485,5.6,6.21,1.8615970515970712,1.7867441860465147
1972-09-01,4.87,4.5,3.1862745098039325,3.023255813953485,5.5,6.55,1.6837254901960677,1.8467441860465152
1972-10-01,5.05,4.5,3.1784841075794823,3.0162412993039345,5.6,6.48,1.8715158924205175,2.0337587006960653
1972-11-01,5.06,4.5,3.4146341463414664,2.777777777777768,5.3,6.28,1.6453658536585332,2.2822222222222317
1972-12-01,5.33,4.5,3.406326034063256,3.002309468822184,5.2,6.36,1.923673965936744,2.327690531177816
1973-01-01,5.94,4.77,3.6407766990291357,2.5287356321839205,4.9,6.46,2.2992233009708647,3.41126436781608
1973-02-01,6.58,5.05,3.864734299516903,2.752293577981635,5.0,6.64,2.715265700483097,3.827706422018365
1973-03-01,7.09,5.5,4.8309178743961345,3.2110091743119185,4.9,6.71,2.2590821256038653,3.8789908256880814
1973-04-01,7.12,5.5,5.301204819277117,2.9680365296803846,5.0,6.67,1.8187951807228835,4.1519634703196155
1973-05-01,7.84,5.9,5.528846153846145,3.1890660592255093,4.9,6.85,2.3111538461538546,4.6509339407744905
1973-06-01,8.49,6.33,5.995203836930463,3.1818181818181746,4.9,6.9,2.4947961630695374,5.308181818181826
1973-07-01,10.4,6.98,5.741626794258381,3.1746031746031633,4.8,7.13,4.658373205741619,7.225396825396837
1973-08-01,10.5,7.29,7.398568019093088,3.1602708803611934,4.8,7.4,3.101431980906912,7.339729119638807
1973-09-01,10.78,7.5,7.3634204275534465,3.8374717832957206,4.8,7.09,3.416579572446553,6.942528216704279
1973-10-01,10.01,7.5,8.056872037914697,4.279279279279269,4.6,6.79,1.9531279620853024,5.730720720720731
1973-11-01,10.03,7.5,8.25471698113207,4.729729729729737,4.8,6.73,1.7752830188679294,5.300270270270262
1973-12-01,9.95,7.5,8.94117647058823,4.7085201793722,4.9,6.74,1.0088235294117691,5.2414798206277995
1974-01-01,9.65,7.5,9.601873536299754,5.156950672645744,5.1,6.99,0.04812646370024609,4.493049327354257
1974-02-01,8.97,7.5,9.999999999999986,5.35714285714286,5.2,6.96,-1.0299999999999851,3.6128571428571403
1974-03-01,9.35,7.5,10.138248847926267,5.777777777777771,5.1,7.21,-0.7882488479262673,3.572222222222229
1974-04-01,10.51,7.6,10.068649885583515,6.208425720620836,5.1,7.51,0.4413501144164851,4.301574279379164
1974-05-01,11.31,8.0,10.70615034168565,7.064017660044164,5.1,7.58,0.6038496583143509,4.2459823399558365
1974-06-01,11.93,8.0,10.859728506787313,7.929515418502198,5.4,7.54,1.0702714932126867,4.000484581497802
1974-07-01,12.92,8.0,11.538461538461519,8.791208791208781,5.5,7.81,1.3815384615384811,4.128791208791219
1974-08-01,12.01,8.0,10.888888888888882,9.84682713347922,5.5,8.04,1.1211111111111176,2.16317286652078
1974-09-01,11.34,8.0,11.946902654867241,10.217391304347823,5.9,8.04,-0.6069026548672412,1.1226086956521772
1974-10-01,10.06,8.0,11.842105263157897,10.583153347732189,6.0,7.9,-1.7821052631578969,-0.5231533477321886
1974-11-01,9.45,8.0,12.200435729847502,10.967741935483865,6.6,7.68,-2.750435729847503,-1.5177419354838655
1974-12-01,8.53,7.81,12.095032397408211,11.34903640256959,7.2,7.43,-3.5650323974082117,-2.8190364025695906
1975-01-01,7.13,7.4,11.752136752136755,11.513859275053306,8.1,7.5,-4.622136752136755,-4.3838592750533065
1975-02-01,6.24,6.82,11.205073995771686,11.864406779661007,8.1,7.39,-4.965073995771686,-5.624406779661006
1975-03-01,5.54,6.4,10.460251046025103,11.344537815126055,8.6,7.73,-4.920251046025103,-5.8045378151260545
1975-04-01,5.49,6.25,10.187110187110182,11.27348643006263,8.8,8.23,-4.697110187110182,-5.783486430062629
1975-05-01,5.22,6.12,9.259259259259256,10.309278350515472,9.0,8.06,-4.039259259259256,-5.089278350515472
1975-06-01,5.55,6.0,9.183673469387754,9.795918367346923,8.8,7.86,-3.6336734693877544,-4.245918367346923
1975-07-01,6.1,6.0,9.533468559837743,9.090909090909083,8.6,8.06,-3.4334685598377437,-2.990909090909083
1975-08-01,6.14,6.0,8.617234468937895,7.968127490039834,8.4,8.4,-2.477234468937895,-1.8281274900398339
1975-09-01,6.24,6.0,7.905138339920947,7.495069033530566,8.4,8.43,-1.6651383399209472,-1.2550690335305656
1975-10-01,5.82,6.0,7.647058823529407,7.031249999999978,8.4,8.14,-1.8270588235294065,-1.2112499999999775
1975-11-01,5.22,6.0,7.37864077669903,6.976744186046524,8.3,8.05,-2.1586407766990305,-1.7567441860465243
1975-12-01,5.2,6.0,7.129094412331405,6.730769230769229,8.2,8.0,-1.9290944123314047,-1.5307692307692289
1976-01-01,4.87,5.79,6.692160611854692,6.883365200764824,7.9,7.74,-1.8221606118546916,-2.0133652007648237
1976-02-01,4.77,5.5,6.273764258555126,6.439393939393945,7.7,7.79,-1.503764258555126,-1.6693939393939452
1976-03-01,4.84,5.5,6.060606060606055,6.60377358490567,7.6,7.73,-1.2206060606060554,-1.7637735849056702
1976-04-01,4.82,5.5,5.849056603773595,6.378986866791747,7.7,7.56,-1.0290566037735944,-1.5589868667917468
1976-05-01,5.29,5.5,6.214689265536721,6.542056074766345,7.4,7.9,-0.9246892655367214,-1.2520560747663447
1976-06-01,5.48,5.5,5.981308411214958,6.3197026022304925,7.6,7.86,-0.501308411214958,-0.8397026022304921
1976-07-01,5.31,5.5,5.555555555555558,6.666666666666665,7.8,7.83,-0.2455555555555584,-1.3566666666666656
1976-08-01,5.29,5.5,5.719557195571956,6.826568265682642,7.8,7.77,-0.42955719557195593,-1.536568265682642
1976-09-01,5.25,5.5,5.494505494505497,6.788990825688068,7.6,7.59,-0.2445054945054972,-1.5389908256880682
1976-10-01,5.02,5.5,5.464480874316946,6.751824817518259,7.7,7.41,-0.4444808743169464,-1.7318248175182598
1976-11-01,4.95,5.43,5.063291139240511,6.340579710144922,7.8,7.29,-0.11329113924051093,-1.3905797101449222
1976-12-01,4.65,5.25,5.035971223021574,6.12612612612613,7.8,6.87,-0.3859712230215733,-1.4761261261261298
1977-01-01,4.61,5.25,5.197132616487465,6.082289803220031,7.5,7.21,-0.5871326164874651,-1.472289803220031
1977-02-01,4.68,5.25,6.082289803220031,6.227758007117434,7.6,7.39,-1.4022898032200315,-1.5477580071174346
1977-03-01,4.69,5.25,6.428571428571428,6.194690265486735,7.4,7.46,-1.7385714285714275,-1.504690265486735
1977-04-01,4.73,5.25,6.951871657754016,6.349206349206349,7.2,7.37,-2.221871657754016,-1.6192063492063484
1977-05-01,5.35,5.25,6.737588652482285,6.315789473684208,7.0,7.46,-1.3875886524822851,-0.9657894736842083
1977-06-01,5.39,5.25,6.701940035273357,6.643356643356646,7.2,7.28,-1.3119400352733575,-1.2533566433566463
1977-07-01,5.42,5.25,6.666666666666665,6.25,6.9,7.33,-1.2466666666666653,-0.8300000000000001
1977-08-01,5.9,5.27,6.631762652705064,6.217616580310881,7.0,7.4,-0.731762652705064,-0.31761658031088036
1977-09-01,6.14,5.75,6.423611111111094,6.185567010309279,6.8,7.34,-0.28361111111109416,-0.0455670103092789
1977-10-01,6.47,5.8,6.390328151986191,5.982905982905984,6.8,7.52,0.07967184801380878,0.4870940170940159
1977-11-01,6.51,6.0,6.712564543889843,6.132879045996575,6.8,7.58,-0.20256454388984313,0.3771209540034244
1977-12-01,6.56,6.0,6.67808219178081,6.451612903225823,6.4,7.69,-0.11808219178081014,0.10838709677417668
1978-01-01,6.7,6.37,6.814310051107331,6.408094435075884,6.4,7.96,-0.1143100511073305,0.29190556492411623
1978-02-01,6.78,6.5,6.2394603709949426,6.1976549413735205,6.3,8.03,0.5405396290050577,0.5823450586264798
1978-03-01,6.79,6.5,6.375838926174482,6.333333333333324,6.3,8.04,0.41416107382551814,0.4566666666666759
1978-04-01,6.89,6.5,6.499999999999995,6.633499170812596,6.1,8.15,0.390000000000005,0.256500829187404
1978-05-01,7.36,6.84,7.14285714285714,6.765676567656764,6.0,8.35,0.21714285714286063,0.594323432343236
1978-06-01,7.6,7.0,7.438016528925617,6.8852459016393475,5.9,8.46,0.16198347107438238,0.7147540983606522
1978-07-01,7.81,7.23,7.7302631578947345,7.189542483660127,6.2,8.64,0.0797368421052651,0.6204575163398722
1978-08-01,8.04,7.43,7.855973813420625,7.479674796747959,5.9,8.41,0.18402618657937442,0.5603252032520398
1978-09-01,8.45,7.83,8.482871125611746,7.928802588996775,6.0,8.42,-0.032871125611746876,0.5211974110032243
1978-10-01,8.96,8.26,8.92857142857142,8.387096774193559,5.8,8.64,0.03142857142858091,0.5729032258064422
1978-11-01,9.76,9.5,8.870967741935477,8.50722311396468,5.9,8.81,0.8890322580645229,1.2527768860353206
1978-12-01,10.03,9.5,8.988764044943842,8.452950558213711,6.0,9.01,1.0412359550561572,1.5770494417862881
1979-01-01,10.07,9.5,9.250398724082931,8.557844690966721,5.9,9.1,0.8196012759170692,1.5121553090332789
1979-02-01,10.06,9.5,9.84126984126985,9.14826498422714,5.9,9.1,0.21873015873014978,0.9117350157728605
1979-03-01,10.09,9.5,10.252365930599371,9.404388714733546,5.8,9.12,-0.1623659305993712,0.6856112852664538
1979-04-01,10.01,9.5,10.485133020344284,9.331259720062214,5.8,9.18,-0.47513302034428406,0.6787402799377862
1979-05-01,10.24,9.5,10.697674418604652,9.428129829984533,5.6,9.25,-0.4576744186046522,0.8118701700154674
1979-06-01,10.29,9.5,11.076923076923073,9.355828220858896,5.7,8.91,-0.786923076923074,0.9341717791411028
1979-07-01,10.47,9.69,11.45038167938932,9.60365853658538,5.7,8.95,-0.9803816793893194,0.8663414634146207
1979-08-01,10.94,10.24,11.836115326251884,9.984871406959162,6.0,9.03,-0.8961153262518842,0.955128593040838
1979-09-01,11.43,10.7,11.879699248120312,9.8950524737631,5.9,9.33,-0.4496992481203126,1.5349475262369001
1979-10-01,13.77,11.77,12.071535022354718,10.119047619047606,6.0,10.3,1.6984649776452816,3.6509523809523934
1979-11-01,13.18,12.0,12.592592592592599,10.650887573964507,5.9,10.65,0.5874074074074009,2.5291124260354927
1979-12-01,13.78,12.0,13.254786450662737,11.32352941176471,6.0,10.39,0.5252135493372627,2.4564705882352893
1980-01-01,13.82,12.0,13.868613138686126,11.970802919708024,6.3,10.8,-0.04861313868612527,1.849197080291976
1980-02-01,14.13,12.52,14.161849710982644,11.994219653179194,6.3,12.41,-0.031849710982642776,2.135780346820807
1980-03-01,17.19,13.0,14.592274678111572,12.60744985673352,6.3,12.75,2.5977253218884293,4.582550143266481
1980-04-01,17.61,13.0,14.589235127478762,13.086770981507833,6.9,11.47,3.0207648725212373,4.523229018492167
1980-05-01,10.98,12.94,14.425770308123242,13.13559322033897,7.5,10.18,-3.445770308123242,-2.15559322033897
1980-06-01,9.47,11.4,14.265927977839322,13.604488078541376,7.6,9.78,-4.795927977839321,-4.134488078541375
1980-07-01,9.03,10.87,13.15068493150684,12.37830319888733,7.8,10.25,-4.12068493150684,-3.348303198887331
1980-08-01,9.61,10.0,12.890094979647216,11.82943603851443,7.7,11.1,-3.2800949796472167,-2.2194360385144307
1980-09-01,10.87,10.17,12.768817204301076,12.005457025920862,7.5,11.51,-1.8988172043010767,-1.1354570259208625
1980-10-01,12.81,11.0,12.632978723404253,12.162162162162172,7.5,11.75,0.17702127659574707,0.6478378378378284
1980-11-01,15.85,11.47,12.631578947368416,12.165775401069535,7.5,12.68,3.2184210526315837,3.6842245989304647
1980-12-01,18.9,12.87,12.353706111833551,12.153236459709383,7.2,12.84,6.546293888166447,6.746763540290615
1981-01-01,19.08,13.0,11.794871794871797,11.342894393741854,7.5,12.57,7.285128205128201,7.737105606258144
1981-02-01,15.93,13.0,11.392405063291132,10.838709677419356,7.4,13.19,4.537594936708867,5.091290322580644
1981-03-01,14.7,13.0,10.611735330836458,9.92366412213741,7.4,13.12,4.088264669163541,4.776335877862589
1981-04-01,15.72,13.0,10.135970333745359,9.433962264150942,7.2,13.68,5.584029666254642,6.2860377358490584
1981-05-01,18.52,13.87,9.79192166462668,9.612983770287142,7.5,14.1,8.72807833537332,8.907016229712857
1981-06-01,19.1,14.0,9.696969696969692,9.3827160493827,7.5,13.47,9.40303030303031,9.7172839506173
1981-07-01,19.04,14.0,10.774818401937058,11.138613861386148,7.2,14.28,8.265181598062942,7.9013861386138515
1981-08-01,17.82,14.0,10.817307692307686,11.56211562115621,7.4,14.94,7.002692307692314,6.257884378843791
1981-09-01,15.87,14.0,10.96543504171632,11.814859926918398,7.6,15.32,4.904564958283679,4.055140073081601
1981-10-01,15.08,14.0,10.271546635182993,10.963855421686741,7.9,15.15,4.808453364817007,4.116144578313259
1981-11-01,13.31,13.03,9.579439252336464,10.250297973778299,8.3,13.39,3.730560747663537,3.059702026221702
1981-12-01,12.37,12.1,8.912037037037024,9.540636042402827,8.5,13.72,3.4579629629629753,2.829363957597172
1982-01-01,13.22,12.0,8.25688073394495,9.250585480093676,8.6,14.59,4.963119266055051,3.9694145199063247
1982-02-01,14.78,12.0,7.613636363636367,9.196740395809066,8.9,14.43,7.1663636363636325,5.583259604190934
1982-03-01,14.68,12.0,6.884875846501148,8.680555555555557,9.0,13.86,7.795124153498851,5.999444444444443
1982-04-01,14.94,12.0,6.621773288439958,8.850574712643677,9.3,13.87,8.31822671156004,6.089425287356322
1982-05-01,14.45,12.0,6.911928651059096,8.656036446469262,9.4,13.62,7.538071348940903,5.793963553530737
1982-06-01,14.15,12.0,7.182320441988943,8.465011286681712,9.6,14.3,6.967679558011057,5.684988713318289
1982-07-01,12.59,11.81,6.557377049180335,7.683741648106901,9.8,13.95,6.032622950819665,4.906258351893099
1982-08-01,10.12,10.68,5.965292841648595,7.056229327453134,9.8,13.06,4.154707158351404,3.063770672546865
1982-09-01,10.31,10.0,4.940923737916236,5.882352941176472,10.1,12.34,5.369076262083764,4.427647058823529
1982-10-01,9.71,9.68,5.032119914346889,5.863192182410426,10.4,10.91,4.677880085653112,3.846807817589575
1982-11-01,9.2,9.35,4.47761194029852,5.189189189189181,10.8,10.55,4.722388059701479,4.010810810810819
1982-12-01,8.95,8.73,3.825717321997879,4.516129032258065,10.8,10.54,5.12428267800212,4.433870967741934
1983-01-01,8.68,8.5,3.7076271186440746,4.608788853161849,10.4,10.46,4.972372881355925,4.07121114683815
1983-02-01,8.51,8.5,3.484688489968324,4.47761194029852,10.4,10.72,5.025311510031676,4.032388059701479
1983-03-01,8.77,8.5,3.5902851108764455,4.579339723109688,10.3,10.51,5.179714889123554,4.190660276890312
1983-04-01,8.8,8.5,4.0000000000000036,4.118268215417098,10.2,10.4,4.799999999999997,4.681731784582903
1983-05-01,8.63,8.5,3.44108446298228,3.6687631027253698,10.1,10.38,5.188915537017721,4.961236897274631
1983-06-01,8.98,8.5,2.4742268041237248,3.2258064516129226,10.1,10.85,6.505773195876276,5.754193548387078
1983-07-01,9.37,8.5,2.358974358974364,3.205791106514999,9.4,11.38,7.011025641025635,6.164208893485
1983-08-01,9.56,8.5,2.456499488229258,3.0895983522142068,9.5,11.85,7.103500511770743,6.470401647785794
1983-09-01,9.45,8.5,2.763561924257929,3.3950617283950546,9.2,11.65,6.68643807574207,6.054938271604945
1983-10-01,9.48,8.5,2.752293577981657,3.589743589743599,8.8,11.54,6.727706422018343,5.890256410256401
1983-11-01,9.34,8.5,3.1632653061224536,4.316546762589923,8.5,11.69,6.176734693877546,5.023453237410076
1983-12-01,9.47,8.5,3.7871033776867957,4.732510288065828,8.3,11.83,5.682896622313205,4.737489711934173
1984-01-01,9.56,8.5,4.290091930541351,5.020491803278704,8.0,11.67,5.2699080694586495,4.539508196721297
1984-02-01,9.59,8.5,4.693877551020398,4.8979591836734615,7.8,11.84,4.896122448979602,4.692040816326538
1984-03-01,9.91,8.5,4.892966360856277,5.0916496945010215,7.8,12.32,5.017033639143723,4.818350305498979
1984-04-01,10.29,8.87,4.5546558704453455,5.1724137931034475,7.7,12.63,5.735344129554654,5.117586206896552
1984-05-01,10.32,9.0,4.3346774193548265,5.257836198179966,7.4,13.41,5.985322580645174,5.062163801820034
1984-06-01,11.06,9.0,4.325955734406439,5.3427419354838745,7.2,13.56,6.734044265593561,5.717258064516126
1984-07-01,11.23,9.0,4.308617234468937,5.210420841683372,7.5,13.36,6.921382765531064,6.0195791583166285
1984-08-01,11.64,9.0,4.295704295704317,5.294705294705304,7.5,12.72,7.344295704295684,6.345294705294696
1984-09-01,11.3,9.0,4.2828685258964105,5.273631840796011,7.3,12.52,7.01713147410359,6.026368159203989
1984-10-01,9.99,9.0,4.265873015873023,5.148514851485153,7.4,12.16,5.724126984126977,4.841485148514847
1984-11-01,9.43,8.83,4.154302670623156,4.827586206896561,7.2,11.57,5.275697329376844,4.602413793103438
1984-12-01,8.38,8.37,4.043392504930954,4.911591355599221,7.3,11.5,4.336607495069047,3.46840864440078
1985-01-01,8.35,8.0,3.52595494613126,4.4878048780487845,7.3,11.38,4.82404505386874,3.862195121951215
1985-02-01,8.5,8.0,3.6062378167641462,4.76653696498055,7.2,11.51,4.893762183235854,3.73346303501945
1985-03-01,8.58,8.0,3.790087463556846,4.748062015503862,7.2,11.86,4.789912536443154,3.831937984496138
1985-04-01,8.27,8.0,3.581800580832528,4.532304725168768,7.3,11.43,4.688199419167471,3.737695274831232
1985-05-01,7.97,7.81,3.5748792270531515,4.514889529298749,7.2,10.85,4.395120772946848,3.4551104707012508
1985-06-01,7.53,7.5,3.6644165863066513,4.401913875598074,7.4,10.16,3.865583413693349,3.1280861244019267
1985-07-01,7.88,7.5,3.458213256484166,4.190476190476189,7.4,10.31,4.421786743515834,3.689523809523811
1985-08-01,7.9,7.5,3.3524904214559337,4.174573055028463,7.1,10.33,4.547509578544067,3.725426944971537
1985-09-01,7.92,7.5,3.2473734479465,3.969754253308122,7.1,10.37,4.6726265520535,3.950245746691878
1985-10-01,7.99,7.5,3.2350142721217834,4.048964218455731,7.1,10.24,4.754985727878217,3.9410357815442696
1985-11-01,8.05,7.5,3.5137701804368593,4.417293233082686,7.0,9.78,4.536229819563141,3.6327067669173143
1985-12-01,8.27,7.5,3.791469194312791,4.307116104868913,7.0,9.26,4.478530805687209,3.9628838951310863
1986-01-01,8.14,7.5,3.9735099337748325,4.481792717086841,6.7,9.19,4.166490066225168,3.6582072829131596
1986-02-01,7.86,7.5,3.19849482596426,4.178272980501396,7.2,8.7,4.6615051740357405,3.681727019498604
1986-03-01,7.48,7.1,2.1535580524344455,4.070305272895469,7.2,7.78,5.326441947565555,3.4096947271045313
1986-04-01,6.99,6.83,1.5887850467289688,4.151291512915134,7.1,7.3,5.401214953271031,2.8387084870848662
1986-05-01,6.85,6.5,1.679104477611948,3.952205882352944,7.2,7.71,5.170895522388052,2.897794117647056
1986-06-01,6.92,6.5,1.7674418604651132,3.9413382218148607,7.2,7.8,5.152558139534887,2.978661778185139
1986-07-01,6.56,6.16,1.671309192200554,4.021937842778778,7.0,7.3,4.8886908077994455,2.538062157221222
1986-08-01,6.17,5.82,1.575532900834098,4.007285974499086,6.9,7.17,4.594467099165902,2.1627140255009136
1986-09-01,5.89,5.5,1.757631822386685,4.181818181818175,7.0,7.45,4.132368177613315,1.7081818181818242
1986-10-01,5.85,5.5,1.5668202764977046,4.072398190045257,7.0,7.43,4.283179723502295,1.777601809954743
1986-11-01,6.04,5.5,1.2844036697247763,3.7803780378037777,6.9,7.25,4.755596330275224,2.2596219621962224
1986-12-01,6.91,5.5,1.187214611872145,3.7701974865349985,6.6,7.11,5.722785388127855,3.1398025134650016
1987-01-01,6.43,5.5,1.364877161055511,3.574620196604106,6.6,7.08,5.065122838944489,2.855379803395894
1987-02-01,6.1,5.5,1.9143117593436676,3.5650623885918,6.6,7.25,4.185688240656332,2.5349376114082
1987-03-01,6.13,5.5,2.8414298808432603,3.64444444444445,6.6,7.25,3.2885701191567396,2.4855555555555497
1987-04-01,6.37,5.5,3.679852805887762,3.8972542072630567,6.3,8.02,2.690147194112238,2.4727457927369434
1987-05-01,6.85,5.5,3.669724770642202,4.0671971706454535,6.3,8.61,3.1802752293577976,2.782802829354546
1987-06-01,6.73,5.5,3.7477148080438782,3.9682539682539764,6.2,8.4,2.982285191956122,2.761746031746024
1987-07-01,6.58,5.5,3.926940639269394,3.9543057996485054,6.1,8.45,2.653059360730606,2.6256942003514947
1987-08-01,6.73,5.5,4.2883211678832245,3.9404553415061327,6.0,8.76,2.441678832116776,2.7895446584938677
1987-09-01,7.22,5.95,4.2727272727272725,4.013961605584648,5.9,9.42,2.9472727272727273,3.2060383944153514
1987-10-01,7.29,6.0,4.355716878402904,4.17391304347825,6.0,9.52,2.9342831215970957,3.11608695652175
1987-11-01,6.69,6.0,4.528985507246386,4.163052905464015,5.8,8.86,2.1610144927536146,2.526947094535985
1987-12-01,6.77,6.0,4.332129963898912,4.152249134948116,5.7,8.99,2.4378700361010877,2.6177508650518835
1988-01-01,6.83,6.0,4.129263913824044,4.3140638481449445,5.7,8.67,2.700736086175956,2.5159361518550556
1988-02-01,6.58,6.0,3.9355992844364973,4.302925989672968,5.7,8.21,2.6444007155635028,2.2770740103270324
1988-03-01,6.58,6.0,3.832442067736186,4.373927958833623,5.7,8.37,2.747557932263814,2.206072041166377
1988-04-01,6.87,6.0,3.9929015084294583,4.262574595055413,5.4,8.72,2.8770984915705418,2.6074254049445873
1988-05-01,7.09,6.0,3.9823008849557473,4.248088360237889,5.6,9.09,3.1076991150442526,2.8419116397621105
1988-06-01,7.51,6.0,3.96475770925111,4.495335029686176,5.4,8.92,3.54524229074889,3.0146649703138237
1988-07-01,7.75,6.0,4.130052724077338,4.480135249366013,5.4,9.06,3.6199472759226623,3.269864750633987
1988-08-01,8.01,6.37,4.111986001749779,4.465037910699232,5.6,9.26,3.898013998250221,3.5449620893007676
1988-09-01,8.19,6.5,4.184829991281602,4.614093959731536,5.4,8.98,4.005170008718397,3.575906040268464
1988-10-01,8.3,6.5,4.260869565217407,4.507512520868118,5.4,8.8,4.039130434782594,3.792487479131883
1988-11-01,8.35,6.5,4.246100519930662,4.579517069109085,5.3,8.96,4.103899480069337,3.770482930890915
1988-12-01,8.76,6.5,4.4117647058823595,4.6511627906976605,5.3,9.11,4.34823529411764,4.108837209302339
1989-01-01,9.12,6.5,4.482758620689653,4.631927212572373,5.4,9.09,4.637241379310346,4.488072787427626
1989-02-01,9.36,6.59,4.647160068846801,4.702970297029707,5.2,9.17,4.712839931153199,4.657029702970292
1989-03-01,9.85,7.0,4.892703862660941,4.683648315529987,5.0,9.36,4.957296137339059,5.166351684470013
1989-04-01,9.84,7.0,5.034129692832767,4.497138184791494,5.2,9.18,4.805870307167233,5.342861815208506
1989-05-01,9.81,7.0,5.276595744680845,4.563977180114098,5.2,8.86,4.533404255319155,5.246022819885902
1989-06-01,9.53,7.0,5.1694915254237195,4.545454545454541,5.3,8.28,4.36050847457628,4.984545454545458
1989-07-01,9.24,7.0,5.063291139240511,4.53074433656957,5.2,8.02,4.176708860759489,4.70925566343043
1989-08-01,8.99,7.0,4.621848739495804,4.435483870967749,5.2,8.11,4.368151260504196,4.554516129032251
1989-09-01,9.02,7.0,4.435146443514637,4.170008019246185,5.3,8.19,4.5848535564853625,4.849991980753814
1989-10-01,8.84,7.0,4.587155963302747,4.313099041533541,5.3,8.01,4.252844036697253,4.526900958466459
1989-11-01,8.55,7.0,4.655029093931851,4.378980891719753,5.4,7.87,3.89497090606815,4.171019108280248
1989-12-01,8.45,7.0,4.639602319801162,4.444444444444451,5.4,7.84,3.8103976801988377,4.005555555555548
1990-01-01,8.23,7.0,5.198019801980203,4.426877470355728,5.4,8.21,3.031980198019798,3.8031225296442726
1990-02-01,8.24,7.0,5.263157894736836,4.570527974783278,5.3,8.47,2.976842105263164,3.669472025216722
1990-03-01,8.28,7.0,5.237315875613735,4.788069073783352,5.2,8.59,3.0426841243862643,3.4919309262166474
1990-04-01,8.26,7.0,4.711616571892785,4.851330203442883,5.4,8.79,3.548383428107215,3.408669796557117
1990-05-01,8.18,7.0,4.365400161681476,4.754481683554168,5.4,8.76,3.8145998383185233,3.4255183164458316
1990-06-01,8.29,7.0,4.673650282030639,4.891304347826075,5.2,8.48,3.61634971796936,3.3986956521739238
1990-07-01,8.15,7.0,4.819277108433728,5.10835913312695,5.5,8.47,3.330722891566272,3.041640866873051
1990-08-01,8.13,7.0,5.702811244979911,5.4826254826254806,5.7,8.75,2.42718875502009,2.6473745173745202
1990-09-01,8.2,7.0,6.169871794871806,5.54272517321015,5.9,8.89,2.030128205128193,2.657274826789849
1990-10-01,8.11,7.0,6.379585326953752,5.359877488514542,5.9,8.72,1.7304146730462477,2.7501225114854577
1990-11-01,7.81,7.0,6.195393169181873,5.263157894736836,6.2,8.39,1.6146068308181265,2.5468421052631633
1990-12-01,7.31,6.79,6.254948535233562,5.319148936170204,6.3,8.08,1.0550514647664375,1.9908510638297958
1991-01-01,6.91,6.5,5.647058823529405,5.601816805450421,6.4,8.09,1.2629411764705951,1.3081831945495788
1991-02-01,6.25,6.0,5.312500000000009,5.6518462697814575,6.6,7.85,0.9374999999999911,0.5981537302185425
1991-03-01,6.12,6.0,4.821150855365497,5.243445692883886,6.8,8.11,1.2988491446345032,0.8765543071161144
1991-04-01,5.91,5.98,4.809930178432875,5.149253731343295,6.7,8.04,1.100069821567125,0.760746268656705
1991-05-01,5.78,5.5,5.034856700232382,5.133928571428581,6.9,8.07,0.7451432997676184,0.6460714285714193
1991-06-01,5.9,5.5,4.695919938414161,4.959289415247969,6.9,8.28,1.204080061585839,0.940710584752031
1991-07-01,5.82,5.5,4.367816091954024,4.786450662739328,6.8,8.27,1.452183908045976,1.0335493372606726
1991-08-01,5.66,5.5,3.7993920972644313,4.612005856515378,6.9,7.9,1.8606079027355689,1.0479941434846225
1991-09-01,5.45,5.2,3.396226415094339,4.595185995623652,6.9,7.65,2.0537735849056613,0.8548140043763484
1991-10-01,5.21,5.0,2.8485757121439192,4.433139534883712,7.0,7.53,2.3614242878560807,0.7768604651162878
1991-11-01,4.81,4.58,3.0665669409125185,4.492753623188395,7.0,7.42,1.7434330590874811,0.31724637681160495
1991-12-01,4.43,4.11,2.980625931445613,4.401154401154406,7.3,7.09,1.4493740685543868,0.02884559884559401
1992-01-01,4.03,3.5,2.672605790645899,4.014336917562722,7.3,7.03,1.3573942093541014,0.01566308243727832
1992-02-01,4.06,3.5,2.8189910979228294,3.708987161198296,7.4,7.34,1.2410089020771702,0.35101283880170353
1992-03-01,3.98,3.5,3.189910979228472,3.843416370106767,7.4,7.54,0.7900890207715281,0.13658362989323303
1992-04-01,3.73,3.5,3.1828275351591495,3.8325053229240735,7.4,7.48,0.5471724648408505,-0.10250532292407355
1992-05-01,3.82,3.5,3.0235988200590036,3.8924274593064467,7.6,7.39,0.7964011799409962,-0.0724274593064469
1992-06-01,3.76,3.5,3.0147058823529305,3.7376586741889817,7.8,7.26,0.7452941176470693,0.02234132581101811
1992-07-01,3.25,3.02,3.1571218795888534,3.7245256500351154,7.7,6.84,0.09287812041114663,-0.4745256500351154
1992-08-01,3.3,3.0,3.0746705710102518,3.4989503149055246,7.6,6.59,0.22532942898974806,-0.19895031490552473
1992-09-01,3.22,3.0,2.9927007299270114,3.2775453277545274,7.6,6.42,0.22729927007298878,-0.05754532775452725
1992-10-01,3.1,3.0,3.279883381924198,3.549060542797511,7.3,6.59,-0.17988338192419784,-0.44906054279751073
1992-11-01,3.09,3.0,3.1204644412191396,3.4674063800277377,7.4,6.87,-0.030464441219139715,-0.37740638002773785
1992-12-01,2.92,3.0,2.966714905933454,3.386316516931598,7.4,6.77,-0.046714905933454176,-0.4663165169315979
1993-01-01,3.02,3.0,3.2537960954446943,3.4458993797381154,7.3,6.6,-0.23379609544469426,-0.4258993797381154
1993-02-01,3.03,3.0,3.2467532467532534,3.576341127922955,7.1,6.26,-0.21675324675325358,-0.5463411279229553
1993-03-01,3.07,3.0,3.0194104960460155,3.358464701850594,7.0,5.98,0.050589503953984316,-0.28846470185059436
1993-04-01,2.96,3.0,3.1563845050215145,3.4859876965140035,7.1,5.97,-0.1963845050215145,-0.5259876965140036
1993-05-01,3.0,3.0,3.2211882605583497,3.4059945504087086,7.1,6.04,-0.22118826055834973,-0.4059945504087086
1993-06-01,3.04,3.0,2.9978586723768963,3.3990482664853827,7.0,5.96,0.04214132762310374,-0.3590482664853827
1993-07-01,3.06,3.0,2.8469750889679624,3.1842818428184483,6.9,5.81,0.2130249110320377,-0.12428184281844823
1993-08-01,3.03,3.0,2.840909090909083,3.313049357674114,6.8,5.68,0.18909090909091697,-0.283049357674114
1993-09-01,3.09,3.0,2.7639971651311157,3.241053342336264,6.7,5.36,0.32600283486888415,-0.15105334233626433
1993-10-01,2.99,3.0,2.752293577981657,3.0913978494623517,6.8,5.33,0.23770642201834313,-0.10139784946235153
1993-11-01,3.02,3.0,2.7445460942997935,3.1501340482573914,6.6,5.72,0.27545390570020656,-0.1301340482573914
1993-12-01,2.96,3.0,2.8109627547435068,3.141711229946531,6.5,5.77,0.1490372452564932,-0.1817112299465311
1994-01-01,3.05,3.0,2.450980392156854,2.931379080612939,6.6,5.75,0.5990196078431458,0.11862091938706065
1994-02-01,3.25,3.0,2.515723270440251,2.788844621513964,6.6,5.97,0.734276729559749,0.46115537848603605
1994-03-01,3.34,3.0,2.6517794836008246,2.984084880636595,6.5,6.48,0.6882205163991753,0.3559151193634049
1994-04-01,3.56,3.0,2.364394993045882,2.7080581241743618,6.4,6.97,1.1956050069541182,0.8519418758256383
1994-05-01,4.01,3.24,2.288488210818307,2.7009222661396493,6.1,7.18,1.721511789181693,1.3090777338603505
1994-06-01,4.25,3.5,2.494802494802495,2.827087442472065,6.1,7.1,1.755197505197505,1.422912557527935
1994-07-01,4.26,3.5,2.69896193771626,2.8890347997373444,6.1,7.3,1.5610380622837399,1.3709652002626553
1994-08-01,4.47,3.76,2.900552486187835,2.814136125654443,6.0,7.24,1.5694475138121646,1.655863874345557
1994-09-01,4.73,4.0,2.965517241379323,3.00850228907783,5.9,7.46,1.7644827586206775,1.7214977109221703
1994-10-01,4.76,4.0,2.609890109890123,2.8683181225554133,5.8,7.74,2.150109890109877,1.8916818774445865
1994-11-01,5.29,4.4,2.602739726027403,2.7940220922676895,5.6,7.96,2.687260273972597,2.4959779077323105
1994-12-01,5.45,4.75,2.597402597402576,2.5923525599481634,5.5,7.81,2.852597402597424,2.857647440051837
1995-01-01,5.53,4.75,2.8708133971291794,2.9126213592232997,5.6,7.78,2.659186602870821,2.6173786407767006
1995-02-01,5.92,5.25,2.862985685071595,2.9715762273901714,5.4,7.47,3.057014314928405,2.9484237726098286
1995-03-01,5.98,5.25,2.7872195785180187,2.962009014810052,5.4,7.2,3.1927804214819817,3.0179909851899485
1995-04-01,6.05,5.25,3.125000000000022,3.1511254019292556,5.8,7.06,2.9249999999999776,2.898874598070744
1995-05-01,6.01,5.25,3.1186440677966054,3.078896728672209,5.6,6.63,2.8913559322033944,2.9311032713277907
1995-06-01,6.0,5.25,3.0425963488843744,3.0051150895140655,5.6,6.17,2.9574036511156256,2.9948849104859345
1995-07-01,5.85,5.25,2.8301886792452713,2.999361837906833,5.7,6.28,3.0198113207547284,2.8506381620931665
1995-08-01,5.74,5.25,2.6174496644295386,2.991725015913449,5.7,6.49,3.1225503355704616,2.7482749840865512
1995-09-01,5.8,5.25,2.54521098459477,2.984126984126978,5.6,6.2,3.2547890154052297,2.815873015873022
1995-10-01,5.76,5.25,2.7443105756358666,3.1051964512040398,5.5,6.04,3.0156894243641332,2.65480354879596
1995-11-01,5.8,5.25,2.603471295060067,3.034134007585343,5.6,5.93,3.196528704939933,2.765865992414657
1995-12-01,5.6,5.25,2.5316455696202667,3.032217308907126,5.6,5.71,3.068354430379733,2.567782691092874
1996-01-01,5.56,5.24,2.7906976744185963,2.955974842767284,5.6,5.65,2.7693023255814033,2.6040251572327158
1996-02-01,5.22,5.0,2.717031146454607,2.8858218318695172,5.5,5.81,2.5029688535453927,2.3341781681304825
1996-03-01,5.31,5.0,2.8439153439153486,2.814258911819878,5.5,6.27,2.466084656084651,2.4957410881801216
1996-04-01,5.22,5.0,2.832674571805005,2.6184538653366562,5.6,6.51,2.3873254281949947,2.6015461346633435
1996-05-01,5.24,5.0,2.827087442472065,2.675793403858129,5.6,6.74,2.4129125575279353,2.5642065961418714
1996-06-01,5.27,5.0,2.8215223097112663,2.669149596523912,5.3,6.91,2.4484776902887333,2.6008504034760875
1996-07-01,5.4,5.0,2.8833551769331667,2.664188351920682,5.5,6.87,2.5166448230668337,2.735811648079318
1996-08-01,5.22,5.0,2.8122956180510084,2.595797280593315,5.1,6.64,2.4077043819489914,2.624202719406685
1996-09-01,5.3,5.0,3.0045721750489918,2.6510480887792953,5.2,6.83,2.295427824951008,2.6489519112207045
1996-10-01,5.24,5.0,3.0618892508143203,2.5199754148740094,5.2,6.53,2.17811074918568,2.7200245851259908
1996-11-01,5.31,5.0,3.2530904359141077,2.5766871165644023,5.4,6.2,2.056909564085892,2.7333128834355973
1996-12-01,5.29,5.0,3.378817413905133,2.636419374616805,5.4,6.3,1.911182586094867,2.653580625383195
1997-01-01,5.25,5.0,3.0381383322559907,2.504581551618834,5.3,6.58,2.2118616677440093,2.745418448381166
1997-02-01,5.19,5.0,3.0322580645161246,2.499999999999991,5.2,6.42,2.157741935483876,2.6900000000000093
1997-03-01,5.39,5.0,2.7652733118971096,2.4330900243308973,5.2,6.69,2.62472668810289,2.9569099756691024
1997-04-01,5.51,5.0,2.434336963484962,2.6123936816524918,5.1,6.89,3.0756630365150377,2.897606318347508
1997-05-01,5.5,5.0,2.237851662404089,2.5454545454545396,4.9,6.71,3.262148337595911,2.9545454545454604
1997-06-01,5.56,5.0,2.233567326100827,2.41837968561065,5.0,6.49,3.3264326738991725,3.1416203143893497
1997-07-01,5.52,5.0,2.165605095541401,2.4140012070005934,4.9,6.22,3.354394904458599,3.105998792999406
1997-08-01,5.54,5.0,2.2900763358778775,2.2891566265060392,4.8,6.3,3.2499236641221225,3.250843373493961
1997-09-01,5.54,5.0,2.21940393151554,2.2222222222222143,4.9,6.21,3.32059606848446,3.3177777777777857
1997-10-01,5.5,5.0,2.0859671302149163,2.278177458033559,4.7,6.03,3.4140328697850837,3.221822541966441
1997-11-01,5.52,5.0,1.8903591682419618,2.1531100478469067,4.6,5.88,3.6296408317580378,3.366889952153093
1997-12-01,5.5,5.0,1.6970458830924073,2.270011947431283,4.7,5.81,3.8029541169075927,3.229988052568717
1998-01-01,5.56,5.0,1.6311166875784044,2.264600715137055,4.6,5.54,3.928883312421595,3.2953992848629445
1998-02-01,5.51,5.0,1.440200375704448,2.2605591909577782,4.6,5.57,4.069799624295552,3.2494408090422215
1998-03-01,5.49,5.0,1.3767209011263937,2.25653206650831,4.7,5.65,4.1132790988736065,3.2334679334916903
1998-04-01,5.45,5.0,1.4383989993745905,2.131438721136769,4.3,5.64,4.01160100062541,3.318561278863231
1998-05-01,5.49,5.0,1.6885553470919357,2.1867612293144267,4.4,5.65,3.8014446529080645,3.3032387706855735
1998-06-01,5.56,5.0,1.6229712858926382,2.2432113341204207,4.5,5.5,3.9370287141073614,3.316788665879579
1998-07-01,5.54,5.0,1.74563591022443,2.2392457277548683,4.5,5.46,3.79436408977557,3.3007542722451317
1998-08-01,5.55,5.0,1.6169154228855787,2.473498233215543,4.5,5.34,3.933084577114421,3.0765017667844567
1998-09-01,5.51,5.0,1.4267990074441794,2.3501762632197387,4.6,4.81,4.08320099255582,3.159823736780261
1998-10-01,5.07,4.86,1.4860681114551078,2.2274325908558046,4.5,4.53,3.5839318885448925,2.8425674091441957
1998-11-01,4.83,4.63,1.4842300556586308,2.3419203747072626,4.4,4.83,3.3457699443413693,2.4880796252927375
1998-12-01,4.68,4.5,1.606922126081578,2.453271028037385,4.4,4.65,3.0730778739184217,2.226728971962615
1999-01-01,4.63,4.5,1.6666666666666607,2.331002331002341,4.3,4.72,2.963333333333339,2.298997668997659
1999-02-01,4.76,4.5,1.6666666666666607,2.1524141942990127,4.4,5.0,3.093333333333339,2.607585805700987
1999-03-01,4.81,4.5,1.7283950617283939,2.0325203252032464,4.2,5.23,3.0816049382716058,2.777479674796753
1999-04-01,4.74,4.5,2.281134401972884,2.2028985507246412,4.3,5.18,2.458865598027116,2.537101449275359
1999-05-01,4.74,4.5,2.091020910209096,2.0821283979178595,4.2,5.54,2.6489790897909042,2.6578716020821407
1999-06-01,4.76,4.5,1.9656019656019597,1.9630484988452768,4.3,5.9,2.79439803439804,2.796951501154723
1999-07-01,4.99,4.5,2.1446078431372584,2.074927953890482,4.3,5.79,2.845392156862742,2.9150720461095183
1999-08-01,5.07,4.56,2.2643818849449104,1.8965517241379404,4.2,5.94,2.80561811505509,3.17344827586206
1999-09-01,5.22,4.75,2.629969418960254,2.066590126291623,4.2,5.92,2.5900305810397457,3.1534098737083767
1999-10-01,5.2,4.75,2.56253813300793,2.1215596330275144,4.1,6.11,2.63746186699207,3.078440366972486
1999-11-01,5.42,4.86,2.6203534430225606,2.0594965675057253,4.1,6.03,2.7996465569774394,3.3605034324942746
1999-12-01,5.3,5.0,2.676399026763998,1.8814139110604255,4.0,6.28,2.6236009732360017,3.4185860889395743
2000-01-01,5.45,5.0,2.792956891317555,2.1070615034168627,4.0,6.66,2.657043108682445,3.3429384965831375
2000-02-01,5.73,5.24,3.2179720704310855,2.1640091116173155,4.1,6.52,2.512027929568915,3.565990888382685
2000-03-01,5.85,5.34,3.762135922330101,2.4473534433693933,4.0,6.26,2.0878640776698987,3.4026465566306063
2000-04-01,6.02,5.5,3.013863773357439,2.2688598979013097,3.8,5.99,3.0061362266425604,3.75114010209869
2000-05-01,6.27,5.71,3.1325301204819134,2.3796033994334165,4.0,6.44,3.137469879518086,3.890396600566583
2000-06-01,6.53,6.0,3.7349397590361377,2.5481313703284325,4.0,6.1,2.7950602409638625,3.9818686296715677
2000-07-01,6.54,6.0,3.5992801439711952,2.4844720496894457,4.0,6.05,2.940719856028805,4.055527950310554
2000-08-01,6.5,6.0,3.3512866546977715,2.5944726452340694,4.1,5.83,3.1487133453022285,3.9055273547659306
2000-09-01,6.52,6.0,3.45649582836709,2.53093363329584,3.9,5.8,3.0635041716329097,3.9890663667041597
2000-10-01,6.51,6.0,3.4503271861986873,2.5266704098820814,3.9,5.74,3.0596728138013125,3.9833295901179184
2000-11-01,6.51,6.0,3.444180522565321,2.6345291479820565,3.9,5.72,3.0658194774346788,3.8754708520179433
2000-12-01,6.4,6.0,3.4360189573459543,2.5741466144376224,3.9,5.24,2.963981042654046,3.825853385562378
2001-01-01,5.98,5.52,3.7212049616065945,2.5655326268823275,4.2,5.16,2.258795038393406,3.414467373117673
2001-02-01,5.49,5.0,3.529411764705892,2.7870680044593144,4.2,5.1,1.9605882352941082,2.702931995540686
2001-03-01,5.31,4.81,2.9824561403508643,2.6111111111110974,4.3,4.89,2.3275438596491353,2.698888888888902
2001-04-01,4.8,4.28,3.2182562902282053,2.66222961730449,4.4,5.14,1.5817437097717946,2.1377703826955097
2001-05-01,4.21,3.73,3.5630841121495394,2.54565578306587,4.3,5.39,0.6469158878504606,1.66434421693413
2001-06-01,3.97,3.47,3.193960511033689,2.705687465488693,4.5,5.28,0.7760394889663114,1.264312534511307
2001-07-01,3.77,3.25,2.7214823393167498,2.6997245179063434,4.6,5.24,1.0485176606832503,1.0702754820936566
2001-08-01,3.65,3.16,2.7214823393167498,2.638812534359536,4.9,4.97,0.9285176606832501,1.011187465640464
2001-09-01,3.07,2.77,2.5921658986175045,2.6330224904004274,5.0,4.73,0.4778341013824954,0.4369775095995725
2001-10-01,2.49,2.02,2.127659574468077,2.6286966046002336,5.3,4.57,0.36234042553192314,-0.13869660460023336
2001-11-01,2.09,1.58,1.894374282433997,2.730748225013646,5.5,4.65,0.19562571756600278,-0.6407482250136463
2001-12-01,1.82,1.33,1.603665521191311,2.782324058919805,5.7,5.09,0.21633447880868917,-0.962324058919805
2002-01-01,1.73,1.25,1.1958997722095743,2.610114192495905,5.7,5.04,0.5341002277904257,-0.8801141924959048
2002-02-01,1.74,1.25,1.1363636363636465,2.5488069414316694,5.7,4.91,0.6036363636363535,-0.8088069414316694
2002-03-01,1.73,1.25,1.3628620102214661,2.4363833243096877,5.7,5.28,0.36713798977853385,-0.7063833243096878
2002-04-01,1.75,1.25,1.643990929705219,2.485143165856285,5.9,5.21,0.1060090702947809,-0.735143165856285
2002-05-01,1.75,1.25,1.2408347433727984,2.5364274150026844,5.8,5.16,0.5091652566272016,-0.7864274150026844
2002-06-01,1.75,1.25,1.0692177827799743,2.2580645161290214,5.8,4.93,0.6807822172200257,-0.5080645161290214
2002-07-01,1.73,1.25,1.465614430665152,2.1995708154506355,5.8,4.65,0.264385569334848,-0.4695708154506355
2002-08-01,1.74,1.25,1.747463359639223,2.3567220139260936,5.7,4.26,-0.007463359639223066,-0.6167220139260936
2002-09-01,1.75,1.25,1.516002245929271,2.2447888829502993,5.7,3.87,0.23399775407072898,-0.4947888829502993
2002-10-01,1.75,1.25,2.0270270270270174,2.187833511205972,5.7,3.94,-0.2770270270270174,-0.43783351120597214
2002-11-01,1.34,0.83,2.2535211267605604,2.020202020202033,5.9,4.05,-0.9135211267605603,-0.6802020202020331
2002-12-01,1.24,0.75,2.4802705749718212,1.9639065817409707,6.0,4.03,-1.2402705749718212,-0.7239065817409707
2003-01-01,1.24,2.25,2.757456387169399,1.9607843137255054,5.8,4.05,-1.5174563871693991,-0.7207843137255054
2003-02-01,1.26,2.25,3.146067415730336,1.7979904812268632,5.9,3.9,-1.8860674157303359,-0.5379904812268632
2003-03-01,1.25,2.25,3.025210084033625,1.744186046511631,5.9,3.81,-1.775210084033625,-0.494186046511631
2003-04-01,1.26,2.25,2.175125488008911,1.4760147601476037,6.0,3.96,-0.915125488008911,-0.21601476014760368
2003-05-01,1.26,2.25,1.8941504178273005,1.5263157894736867,6.1,3.57,-0.6341504178273005,-0.2663157894736867
2003-06-01,1.22,2.0,1.948775055679297,1.4721345951629994,6.3,3.33,-0.7287750556792971,-0.2521345951629994
2003-07-01,1.01,2.0,2.055555555555544,1.522309711286085,6.2,3.98,-1.0455555555555438,-0.512309711286085
2003-08-01,1.03,2.0,2.216066481994461,1.3082155939298845,6.1,4.45,-1.1860664819944609,-0.2782155939298845
2003-09-01,1.01,2.0,2.378318584070782,1.2545739675901668,6.1,4.27,-1.368318584070782,-0.2445739675901668
2003-10-01,1.01,2.0,2.041942604856528,1.305483028720622,6.0,4.29,-1.0319426048565281,-0.29548302872062204
2003-11-01,1.0,2.0,1.9283746556473913,1.094319958311618,5.8,4.3,-0.9283746556473913,-0.0943199583116181
2003-12-01,0.98,2.0,2.0352035203520247,1.0931806350858997,5.7,4.27,-1.0552035203520247,-0.1131806350858997
2004-01-01,1.0,2.0,2.026286966046009,1.1434511434511352,5.7,4.15,-1.0262869660460092,-0.1434511434511352
2004-02-01,1.01,2.0,1.688453159041381,1.2467532467532516,5.6,4.08,-0.6784531590413809,-0.2367532467532516
2004-03-01,1.0,2.0,1.7400761283306032,1.558441558441559,5.8,3.83,-0.7400761283306032,-0.558441558441559
2004-04-01,1.0,2.0,2.2925764192139875,1.7662337662337713,5.6,4.35,-1.2925764192139875,-0.7662337662337713
2004-05-01,1.0,2.0,2.8977583378895444,1.710730948678063,5.6,4.72,-1.8977583378895444,-0.7107309486780631
2004-06-01,1.03,2.25,3.1676679410158393,1.865284974093262,5.6,4.73,-2.137667941015839,-0.835284974093262
2004-07-01,1.26,2.25,2.939575394665228,1.7580144777662898,5.5,4.5,-1.679575394665228,-0.4980144777662898
2004-08-01,1.43,2.5,2.5474254742547275,1.7045454545454586,5.4,4.28,-1.1174254742547276,-0.27454545454545864
2004-09-01,1.61,2.75,2.5391680172879516,1.961796592669085,5.4,4.13,-0.9291680172879515,-0.3517965926690849
2004-10-01,1.76,2.75,3.1909140075716547,2.0103092783505083,5.5,4.1,-1.4309140075716547,-0.2503092783505083
2004-11-01,1.93,3.0,3.621621621621607,2.216494845360839,5.4,4.19,-1.691621621621607,-0.28649484536083913
2004-12-01,2.16,3.25,3.3423180592991875,2.2657054582904346,5.4,4.23,-1.1823180592991873,-0.10570545829043443
2005-01-01,2.28,3.25,2.8448738593666034,2.261048304213764,5.3,4.22,-0.5648738593666036,0.01895169578623568
2005-02-01,2.5,3.5,3.0530262453133394,2.308876346844535,5.4,4.17,-0.5530262453133394,0.19112365315546498
2005-03-01,2.63,3.75,3.2068412613575736,2.35294117647058,5.2,4.5,-0.5768412613575737,0.27705882352942
2005-04-01,2.79,3.75,3.3617929562433257,2.1949974476773715,5.2,4.34,-0.5717929562433257,0.5950025523226286
2005-05-01,3.0,4.0,2.869287991498415,2.1916411824668858,5.1,4.14,0.13071200850158515,0.8083588175331142
2005-06-01,3.04,4.25,2.541026998411855,2.0345879959308144,5.0,4.0,0.49897300158814506,1.0054120040691856
2005-07-01,3.26,4.25,3.067160232681121,2.083333333333326,5.0,4.18,0.19283976731887886,1.1766666666666739
2005-08-01,3.5,4.5,3.6469344608879517,2.1330624682579957,4.9,4.26,-0.1469344608879517,1.3669375317420043
2005-09-01,3.62,4.75,4.741833508956805,1.9240506329113893,5.0,4.2,-1.1218335089568052,1.6959493670886108
2005-10-01,3.78,4.75,4.350104821802936,2.071753410813537,5.0,4.46,-0.5701048218029361,1.7082465891864627
2005-11-01,4.0,5.0,3.3385498174230532,2.1180030257186067,5.0,4.54,0.6614501825769468,1.8819969742813933
2005-12-01,4.16,5.25,3.3385498174230532,2.114803625377659,4.9,4.47,0.8214501825769469,2.045196374622341
2006-01-01,4.29,5.5,4.018789144050117,2.1105527638190846,4.7,4.42,0.27121085594988337,2.1794472361809154
2006-02-01,4.49,5.5,3.63825363825363,2.106318956870612,4.8,4.57,0.8517463617463701,2.383681043129388
2006-03-01,4.59,5.75,3.4179181771103018,2.0989505247376306,4.7,4.72,1.172081822889698,2.4910494752623693
2006-04-01,4.79,5.75,3.613835828600931,2.29770229770232,4.7,4.99,1.1761641713990691,2.49229770229768
2006-05-01,4.94,6.0,3.9772727272727293,2.44389027431422,4.6,5.11,0.9627272727272711,2.4961097256857805
2006-06-01,4.99,6.25,4.1817243159525175,2.6420737786640114,4.6,5.11,0.8082756840474827,2.347926221335989
2006-07-01,5.24,6.25,4.104669061056954,2.6879044300647026,4.7,5.09,1.1353309389430466,2.5520955699352976
2006-08-01,5.25,6.25,3.926568077511483,2.8344107409249197,4.7,4.88,1.323431922488517,2.4155892590750803
2006-09-01,5.25,6.25,2.012072434607637,2.930948832588176,4.5,4.72,3.237927565392363,2.319051167411824
2006-10-01,5.25,6.25,1.4063284781516971,2.7722772277227747,4.4,4.73,3.843671521848303,2.4777227722772253
2006-11-01,5.25,6.25,1.9687026754164672,2.6172839506172885,4.5,4.6,3.281297324583533,2.6327160493827115
2006-12-01,5.24,6.25,2.5239777889954462,2.6134122287968298,4.4,4.56,2.716022211004554,2.6265877712031704
2007-01-01,5.25,6.25,2.075765178123423,2.657480314960625,4.6,4.76,3.174234821876577,2.592519685039375
2007-02-01,5.26,6.25,2.420260782347028,2.71856581532417,4.5,4.72,2.839739217652972,2.54143418467583
2007-03-01,5.26,6.25,2.798197295943927,2.5051395007342103,4.4,4.56,2.4618027040560726,2.7548604992657895
2007-04-01,5.25,6.25,2.5929247633283525,2.4155273437499902,4.5,4.69,2.6570752366716475,2.8344726562500098
2007-05-01,5.25,6.25,2.709885742672613,2.267770204479058,4.4,4.75,2.540114257327387,2.982229795520942
2007-06-01,5.25,6.25,2.692765113974227,2.181641573579407,4.6,5.1,2.557234886025773,3.068358426420593
2007-07-01,5.26,6.25,2.3178905864958077,2.1682016480853106,4.7,5.0,2.942109413504192,3.091798351914689
2007-08-01,5.02,5.75,1.897448478900876,2.0884912959380886,4.6,4.67,3.1225515210991235,2.931508704061911
2007-09-01,4.94,5.25,2.8338264299802685,2.101351351351366,4.7,4.52,2.106173570019732,2.8386486486486344
2007-10-01,4.76,5.0,3.610698365527476,2.1565510597302495,4.7,4.53,1.1493016344725238,2.6034489402697503
2007-11-01,4.49,5.0,4.373267326732666,2.3387872954764077,4.7,4.15,0.11673267326733416,2.1512127045235925
2007-12-01,4.24,4.75,4.108813392417532,2.4353676117251366,5.0,4.1,0.13118660758246836,1.8046323882748636
2008-01-01,3.94,3.5,4.294695655165981,2.4789069990412305,5.0,3.74,-0.354695655165981,1.4610930009587695
2008-02-01,2.98,3.5,4.142959270611968,2.29708083295479,4.9,3.74,-1.1629592706119678,0.6829191670452102
2008-03-01,2.61,2.5,3.9749035501344343,2.388524386633417,5.1,3.51,-1.3649035501344344,0.22147561336658272
2008-04-01,2.28,2.25,3.9037609759888126,2.294669292051843,5.0,3.68,-1.6237609759888127,-0.014669292051843197
2008-05-01,1.98,2.25,4.088413823123993,2.3222157689781087,5.4,3.88,-2.108413823123993,-0.3422157689781087
2008-06-01,2.0,2.25,4.935966105947864,2.3917259211376996,5.6,4.1,-2.9359661059478643,-0.39172592113769955
2008-07-01,2.01,2.25,5.497512078341837,2.463313612274831,5.8,4.01,-3.4875120783418376,-0.45331361227483136
2008-08-01,2.0,2.25,5.308017162091239,2.4981171756213394,6.1,3.89,-3.3080171620912386,-0.4981171756213394
2008-09-01,1.81,2.25,4.953319875136075,2.4386208722122937,6.1,3.69,-3.143319875136075,-0.6286208722122937
2008-10-01,0.97,1.25,3.7310578899565128,2.2213629955157854,6.5,3.81,-2.761057889956513,-1.2513629955157854
2008-11-01,0.39,1.25,1.0999174706166848,2.015893915169764,6.8,3.53,-0.7099174706166848,-1.625893915169764
2008-12-01,0.16,0.5,-0.02222800255385904,1.7624596562335837,7.3,2.42,0.18222800255385904,-1.6024596562335838
2009-01-01,0.15,0.5,-0.11358601902212717,1.6723503187990874,7.8,2.52,0.2635860190221272,-1.5223503187990874
2009-02-01,0.22,0.5,0.008463140671510772,1.800980653363804,8.3,2.87,0.21153685932848923,-1.580980653363804
2009-03-01,0.18,0.5,-0.4464787676623838,1.7876130957932945,8.7,2.82,0.6264787676623838,-1.6076130957932946
2009-04-01,0.15,0.5,-0.5763244243767063,1.93232662192393,9.0,2.93,0.7263244243767063,-1.78232662192393
2009-05-01,0.18,0.5,-1.015761495855172,1.8461309413034588,9.4,3.29,1.1957614958551719,-1.6661309413034588
2009-06-01,0.21,0.5,-1.2291746182109153,1.7119726678550107,9.5,3.72,1.4391746182109153,-1.5019726678550107
2009-07-01,0.16,0.5,-1.9587610037622771,1.5270992984974363,9.5,3.56,2.1187610037622773,-1.3670992984974364
2009-08-01,0.16,0.5,-1.4838355663267633,1.4339650543224725,9.6,3.59,1.6438355663267632,-1.2739650543224725
2009-09-01,0.15,0.5,-1.377942862886472,1.4798373886199645,9.8,3.4,1.527942862886472,-1.3298373886199646
2009-10-01,0.12,0.5,-0.22396829420033848,1.7127331771131127,10.0,3.39,0.3439682942003385,-1.5927331771131126
2009-11-01,0.12,0.5,1.9145871744709275,1.714243571010421,9.9,3.4,-1.7945871744709274,-1.5942435710104208
2009-12-01,0.12,0.5,2.8141231232083674,1.8236717759594345,9.9,3.59,-2.6941231232083673,-1.7036717759594344
2010-01-01,0.11,0.5,2.6211113889767157,1.5123351706495702,9.8,3.73,-2.511111388976716,-1.4023351706495701
2010-02-01,0.13,0.75,2.151336357866529,1.3494526888039982,9.8,3.69,-2.021336357866529,-1.2194526888039983
2010-03-01,0.16,0.75,2.2861714393279886,1.1592051426555505,9.9,3.73,-2.1261714393279885,-0.9992051426555505
2010-04-01,0.2,0.75,2.2067707525304403,0.9675088932173947,9.9,3.85,-2.00677075253044,-0.7675088932173948
2010-05-01,0.2,0.75,2.003548929218568,0.9401381427474931,9.6,3.42,-1.8035489292185682,-0.7401381427474931
2010-06-01,0.18,0.75,1.1215605940686268,0.9501989849939774,9.4,3.2,-0.9415605940686269,-0.7701989849939774
2010-07-01,0.18,0.75,1.3407784804821077,0.9577539302116689,9.4,3.01,-1.1607784804821077,-0.7777539302116689
2010-08-01,0.19,0.75,1.1501775395112546,0.9171009950067255,9.5,2.7,-0.9601775395112546,-0.7271009950067255
2010-09-01,0.19,0.75,1.1183122472331775,0.8143870498363182,9.5,2.65,-0.9283122472331775,-0.6243870498363182
2010-10-01,0.19,0.75,1.1666951489314625,0.6027183550187942,9.4,2.54,-0.9766951489314626,-0.4127183550187942
2010-11-01,0.19,0.75,1.084544776600338,0.672056411046551,9.8,2.76,-0.894544776600338,-0.482056411046551
2010-12-01,0.18,0.75,1.437793022217937,0.6618948664665503,9.3,3.29,-1.257793022217937,-0.4818948664665503
2011-01-01,0.17,0.75,1.7007834915029774,0.9835337415527112,9.1,3.39,-1.5307834915029774,-0.8135337415527112
2011-02-01,0.16,0.75,2.124898173333145,1.124445592146106,9.0,3.58,-1.9648981733331452,-0.964445592146106
2011-03-01,0.14,0.75,2.619241510354109,1.2097851736773357,9.0,3.41,-2.479241510354109,-1.0697851736773356
2011-04-01,0.1,0.75,3.0772344447868694,1.3155392125784537,9.1,3.46,-2.9772344447868693,-1.2155392125784537
2011-05-01,0.09,0.75,3.4589718808964998,1.4540961794335727,9.0,3.17,-3.3689718808965,-1.3640961794335726
2011-06-01,0.09,0.75,3.5023181506360412,1.5836776766096738,9.1,3.0,-3.4123181506360414,-1.4936776766096738
2011-07-01,0.07,0.75,3.5798809769996165,1.741483445742964,9.0,3.0,-3.5098809769996167,-1.671483445742964
2011-08-01,0.1,0.75,3.75499603070808,1.9651571719433658,9.0,2.3,-3.6549960307080798,-1.8651571719433657
2011-09-01,0.08,0.75,3.812621692818685,1.9877227562006272,9.0,1.98,-3.732621692818685,-1.9077227562006271
2011-10-01,0.07,0.75,3.5222681306640524,2.1079204796465634,8.8,2.15,-3.4522681306640526,-2.0379204796465635
2011-11-01,0.08,0.75,3.451432214581729,2.138204538395394,8.6,2.01,-3.371432214581729,-2.058204538395394
2011-12-01,0.07,0.75,3.062066838419386,2.276662633858506,8.5,1.98,-2.9920668384193863,-2.2066626338585063
2012-01-01,0.08,0.75,3.0087663379855023,2.2773481506083826,8.3,1.97,-2.9287663379855022,-2.1973481506083825
2012-02-01,0.1,0.75,2.8981784423473878,2.1598204405657295,8.3,1.97,-2.7981784423473877,-2.0598204405657294
2012-03-01,0.13,0.75,2.5828752813320977,2.2483374654291177,8.2,2.17,-2.4528752813320978,-2.118337465429118
2012-04-01,0.14,0.75,2.2731633741348567,2.314427851801515,8.2,2.05,-2.1331633741348566,-2.1744278518015148
2012-05-01,0.16,0.75,1.7379429374660749,2.252258280361308,8.2,1.8,-1.577942937466075,-2.0922582803613077
2012-06-01,0.16,0.75,1.653870448297634,2.192285611289857,8.2,1.62,-1.4938704482976342,-2.032285611289857
2012-07-01,0.16,0.75,1.4175114798464783,2.109955687378462,8.2,1.53,-1.2575114798464784,-1.949955687378462
2012-08-01,0.13,0.75,1.6859349154821235,1.9352524993137443,8.1,1.68,-1.5559349154821236,-1.8052524993137444
2012-09-01,0.14,0.75,1.9497168982819613,2.0082434834909124,7.8,1.72,-1.8097168982819611,-1.8682434834909123
2012-10-01,0.16,0.75,2.1556780595369363,1.9946491483669337,7.8,1.75,-1.9956780595369363,-1.8346491483669338
2012-11-01,0.16,0.75,1.7960197033926262,1.9528512686261434,7.7,1.65,-1.6360197033926263,-1.7928512686261435
2012-12-01,0.16,0.75,1.7595049796895523,1.8996943778720743,7.9,1.72,-1.5995049796895524,-1.7396943778720744
2013-01-01,0.14,0.75,1.684061762098299,1.9098022178631435,8.0,1.91,-1.5440617620982988,-1.7698022178631434
2013-02-01,0.15,0.75,2.0181404902574807,1.9887385214485631,7.7,1.98,-1.8681404902574807,-1.8387385214485632
2013-03-01,0.14,0.75,1.5187472411246183,1.8890221377988237,7.5,1.96,-1.3787472411246182,-1.7490221377988235
2013-04-01,0.15,0.75,1.138808047576867,1.715558856294086,7.6,1.76,-0.9888080475768669,-1.565558856294086
2013-05-01,0.11,0.75,1.3903888279197085,1.6455519491850756,7.5,1.93,-1.2803888279197084,-1.5355519491850755
2013-06-01,0.09,0.75,1.7157935271568725,1.6230952474272975,7.5,2.3,-1.6257935271568724,-1.5330952474272974
2013-07-01,0.09,0.75,1.885471805415806,1.7002217680567089,7.3,2.58,-1.7954718054158059,-1.6102217680567088
2013-08-01,0.08,0.75,1.538809488600279,1.782107690904433,7.2,2.74,-1.458809488600279,-1.702107690904433
2013-09-01,0.08,0.75,1.0947341081747997,1.7519368418314363,7.2,2.81,-1.0147341081747996,-1.6719368418314362
2013-10-01,0.09,0.75,0.8767991434911471,1.686837731144819,7.2,2.62,-0.7867991434911471,-1.596837731144819
2013-11-01,0.08,0.75,1.2328701961954458,1.7416677473738762,6.9,2.72,-1.1528701961954457,-1.6616677473738761
2013-12-01,0.09,0.75,1.5128383667573297,1.7408566188369834,6.7,2.9,-1.4228383667573297,-1.6508566188369833
2014-01-01,0.07,0.75,1.557758795574915,1.6070344358370292,6.6,2.86,-1.487758795574915,-1.5370344358370291
2014-02-01,0.07,0.75,1.1204746347724948,1.5548073904948723,6.7,2.71,-1.0504746347724947,-1.4848073904948722
2014-03-01,0.08,0.75,1.6126949139408042,1.6456609706435588,6.7,2.72,-1.5326949139408041,-1.5656609706435587
2014-04-01,0.09,0.75,2.015125303606169,1.8210555250137483,6.2,2.71,-1.9251253036061688,-1.7310555250137483
2014-05-01,0.09,0.75,2.166947687079812,1.9455269618362525,6.3,2.56,-2.0769476870798123,-1.8555269618362524
2014-06-01,0.1,0.75,2.0589816945944195,1.9228626526676562,6.1,2.6,-1.9589816945944194,-1.8228626526676561
2014-07-01,0.09,0.75,1.9742378703305974,1.8449632290063356,6.2,2.54,-1.8842378703305973,-1.7549632290063355
2014-08-01,0.09,0.75,1.7150983482969062,1.73639560289498,6.1,2.42,-1.6250983482969061,-1.64639560289498
2014-09-01,0.09,0.75,1.6840509711232077,1.7409458883681284,5.9,2.53,-1.5940509711232076,-1.6509458883681283
2014-10-01,0.09,0.75,1.6095417021513292,1.817632310436279,5.7,2.3,-1.519541702151329,-1.727632310436279
2014-11-01,0.09,0.75,1.231524989320798,1.7415947552462452,5.8,2.33,-1.141524989320798,-1.651594755246245
2014-12-01,0.12,0.75,0.6531213919623191,1.6224195046636636,5.6,2.21,-0.5331213919623191,-1.5024195046636635
2015-01-01,0.11,0.75,-0.22993097820542818,1.631625565241701,5.7,1.88,0.33993097820542817,-1.521625565241701
2015-02-01,0.11,0.75,-0.08703146293520536,1.6880834938713285,5.5,1.98,0.19703146293520535,-1.5780834938713284
2015-03-01,0.11,0.75,-0.022031284423873476,1.7453777073428434,5.4,2.04,0.13203128442387346,-1.6353777073428433
2015-04-01,0.12,0.75,-0.10403098939391064,1.802827832894649,5.4,1.94,0.22403098939391064,-1.6828278328946489
2015-05-01,0.12,0.75,0.03503321824429584,1.7509440952473199,5.6,2.2,0.08496678175570416,-1.6309440952473198
2015-06-01,0.13,0.75,0.1795718097550525,1.7772676244655061,5.3,2.36,-0.04957180975505249,-1.6472676244655062
2015-07-01,0.13,0.75,0.22568611104094582,1.8346312894897077,5.2,2.32,-0.09568611104094582,-1.7046312894897078
2015-08-01,0.14,0.75,0.2413037985344868,1.8506323273421277,5.1,2.17,-0.10130379853448679,-1.7106323273421276
2015-09-01,0.14,0.75,0.008842961634170088,1.8970961446650891,5.0,2.17,0.13115703836582993,-1.757096144665089
2015-10-01,0.12,0.75,0.12761656067050708,1.9135335359607986,5.0,2.07,-0.007616560670507089,-1.7935335359607985
2015-11-01,0.12,0.75,0.4363182169185187,1.9974275238246353,5.1,2.26,-0.3163182169185187,-1.8774275238246352
2015-12-01,0.24,1.0,0.6387247515364791,2.0715072792840905,5.0,2.24,-0.3987247515364791,-1.8315072792840905
2016-01-01,0.34,1.0,1.2375025026943876,2.145022538582464,4.8,2.09,-0.8975025026943875,-1.8050225385824639
2016-02-01,0.38,1.0,0.8472775790126619,2.222573822094165,4.9,1.78,-0.46727757901266187,-1.842573822094165
2016-03-01,0.36,1.0,0.8916160965521946,2.142426948557663,5.0,1.89,-0.5316160965521947,-1.7824269485576631
2016-04-01,0.37,1.0,1.1726257503534843,2.156654761214183,5.1,1.81,-0.8026257503534843,-1.7866547612141828
2016-05-01,0.37,1.0,1.0784764621246223,2.2545595974976074,4.8,1.81,-0.7084764621246223,-1.8845595974976073
2016-06-01,0.38,1.0,1.0792865347959424,2.2622116465067066,4.9,1.64,-0.6992865347959424,-1.8822116465067067
2016-07-01,0.39,1.0,0.8683633430518256,2.1701399624842965,4.8,1.5,-0.4783633430518256,-1.7801399624842964
2016-08-01,0.4,1.0,1.0553158595656864,2.3087345614186683,4.9,1.56,-0.6553158595656864,-1.9087345614186684
2016-09-01,0.4,1.0,1.5486446201652182,2.271120682569183,5.0,1.63,-1.1486446201652183,-1.8711206825691833
2016-10-01,0.4,1.0,1.685924966243646,2.2045551507991146,4.9,1.76,-1.285924966243646,-1.8045551507991147
2016-11-01,0.41,1.0,1.6843334719788938,2.1454219398053587,4.7,2.14,-1.274333471978894,-1.7354219398053587
2016-12-01,0.54,1.25,2.0507989115119862,2.197123661300271,4.7,2.49,-1.5107989115119862,-1.657123661300271
2017-01-01,0.65,1.25,2.5103933482571117,2.2502092221020176,4.7,2.43,-1.8603933482571118,-1.6002092221020177
2017-02-01,0.66,1.25,2.8103616813294208,2.2353468290497336,4.6,2.42,-2.1503616813294206,-1.5753468290497334
2017-03-01,0.79,1.5,2.44119623655914,2.045845481938735,4.4,2.48,-1.65119623655914,-1.255845481938735
2017-04-01,0.9,1.5,2.176223471915395,1.8965650108902388,4.4,2.3,-1.276223471915395,-0.9965650108902387
2017-05-01,0.91,1.5,1.8563431667619756,1.7370931912259246,4.4,2.3,-0.9463431667619756,-0.8270931912259246
2017-06-01,1.04,1.75,1.640565809959127,1.6991193342490218,4.3,2.19,-0.6005658099591269,-0.6591193342490218
2017-07-01,1.15,1.75,1.7251073506566073,1.6769627444729984,4.3,2.32,-0.5751073506566073,-0.5269627444729985
2017-08-01,1.16,1.75,1.92812155729698,1.6552412618799472,4.4,2.21,-0.7681215572969802,-0.4952412618799473
2017-09-01,1.15,1.75,2.1805652303711787,1.5953898457655935,4.3,2.2,-1.0305652303711788,-0.4453898457655936
2017-10-01,1.15,1.75,2.020757753132485,1.7596390813271245,4.2,2.36,-0.870757753132485,-0.6096390813271246
2017-11-01,1.16,1.75,2.172493864295566,1.7376072726981162,4.2,2.35,-1.012493864295566,-0.5776072726981163
2017-12-01,1.3,2.0,2.129930719552253,1.770166453265043,4.1,2.4,-0.8299307195522532,-0.4701664532650429
2018-01-01,1.41,2.0,2.151318868063945,1.8912671130328462,4.0,2.58,-0.7413188680639451,-0.4812671130328463
2018-02-01,1.42,2.0,2.263468931091861,1.87770420481439,4.1,2.86,-0.843468931091861,-0.45770420481439
2018-03-01,1.51,2.25,2.3309497646499366,2.1227843662331214,4.0,2.84,-0.8209497646499366,-0.6127843662331214
2018-04-01,1.69,2.25,2.4709963021052994,2.150644636125887,4.0,2.87,-0.7809963021052995,-0.4606446361258869
2018-05-01,1.7,2.25,2.781921607842497,2.272998448872432,3.8,2.98,-1.081921607842497,-0.572998448872432
2018-06-01,1.82,2.5,2.8075506935940187,2.245517307127032,4.0,2.91,-0.9875506935940186,-0.42551730712703173
2018-07-01,1.91,2.5,2.854124785561929,2.267595293370639,3.8,2.89,-0.944124785561929,-0.357595293370639
2018-08-01,1.91,2.5,2.6429238568742575,2.1208941334864617,3.8,2.89,-0.7329238568742575,-0.2108941334864618
2018-09-01,1.95,2.75,2.332055105808828,2.1976804898501623,3.7,3.0,-0.38205510580882796,-0.24768048985016233
2018-10-01,2.19,2.75,2.492032470218053,2.126409125691242,3.8,3.15,-0.302032470218053,0.06359087430875787
2018-11-01,2.2,2.75,2.147328577667773,2.2153843729315836,3.8,3.12,0.0526714223322271,-0.015384372931583457
2018-12-01,2.27,3.0,2.0023809043401064,2.2485295505299874,3.9,2.83,0.2676190956598936,0.021470449470012642
2019-01-01,2.4,3.0,1.4875893578291333,2.1794329242488475,4.0,2.71,0.9124106421708666,0.22056707575115242
2019-02-01,2.4,3.0,1.5188615351321877,2.1410889637129227,3.8,2.68,0.8811384648678122,0.25891103628707723
2019-03-01,2.41,3.0,1.8831863513063984,2.06656235001228,3.8,2.57,0.5268136486936017,0.3434376499877203
2019-04-01,2.42,3.0,2.000583470209061,2.0913377235709074,3.7,2.53,0.41941652979093913,0.3286622764290925
2019-05-01,2.39,3.0,1.7959105553606136,1.97242800754438,3.6,2.4,0.5940894446393865,0.41757199245562004
2019-06-01,2.38,3.0,1.671194894390049,2.0746001344216447,3.6,2.07,0.7088051056099509,0.3053998655783552
2019-07-01,2.4,3.0,1.826331335037068,2.1657049503490455,3.7,2.06,0.5736686649629319,0.23429504965095438
2019-08-01,2.13,2.75,1.7376412106666406,2.321135673598529,3.6,1.63,0.3923587893333593,-0.191135673598529
2019-09-01,2.04,2.5,1.6844977040391562,2.3300099083477743,3.5,1.7,0.3555022959608438,-0.2900099083477743
2019-10-01,1.83,2.25,1.7339736996186295,2.3378148209658223,3.6,1.71,0.09602630038137061,-0.5078148209658222
2019-11-01,1.55,2.25,2.092290394862917,2.3546960942649298,3.6,1.81,-0.5422903948629167,-0.8046960942649297
2019-12-01,1.55,2.25,2.3195274699624457,2.2905988164406255,3.6,1.86,-0.7695274699624457,-0.7405988164406254
2020-01-01,1.55,2.25,2.599767976845202,2.2817391837892886,3.6,1.76,-1.049767976845202,-0.7317391837892886
2020-02-01,1.58,2.25,2.3413166797595197,2.3676613601035346,3.5,1.5,-0.7613166797595197,-0.7876613601035345
2020-03-01,0.65,0.25,1.4940399642909163,2.097741687598198,4.4,0.87,-0.8440399642909163,-1.447741687598198
2020-04-01,0.05,0.25,0.3130472940411133,1.4309324152566472,14.8,0.66,-0.2630472940411133,-1.3809324152566471
2020-05-01,0.05,0.25,0.1982013035848551,1.2184564692601985,13.2,0.67,-0.14820130358485512,-1.1684564692601984
2020-06-01,0.08,0.25,0.7166562831830481,1.1836841884912408,11.0,0.73,-0.6366562831830481,-1.1036841884912407
2020-07-01,0.09,0.25,0.9968647625897997,1.560695837131587,10.2,0.62,-0.9068647625897998,-1.470695837131587
2020-08-01,0.1,0.25,1.2810698495523853,1.7223933878284248,8.4,0.65,-1.1810698495523853,-1.6223933878284247
2020-09-01,0.09,0.25,1.3910228912373812,1.7190644053436621,7.8,0.68,-1.3010228912373811,-1.629064405343662
2020-10-01,0.09,0.25,1.2303863428671624,1.6364116692455521,6.9,0.79,-1.1403863428671623,-1.546411669245552
2020-11-01,0.09,0.25,1.1757452138405844,1.6693780408814973,6.7,0.87,-1.0857452138405843,-1.5793780408814972
2020-12-01,0.09,0.25,1.3204191315779434,1.624313961356294,6.7,0.93,-1.2304191315779434,-1.534313961356294
2021-01-01,0.09,0.25,1.3738437137002402,1.3763703714812836,6.4,1.08,-1.28384371370024,-1.2863703714812835
2021-02-01,0.08,0.25,1.6698167791706853,1.280248344990098,6.2,1.26,-1.5898167791706852,-1.200248344990098
2021-03-01,0.07,0.25,2.6678187820641908,1.6494791315614155,6.1,1.61,-2.597818782064191,-1.5794791315614154
2021-04-01,0.07,0.25,4.133077115360573,2.9780316542864504,6.1,1.64,-4.0630771153605725,-2.9080316542864506
2021-05-01,0.06,0.25,4.918257089467626,3.7876961101984907,5.8,1.62,-4.858257089467626,-3.7276961101984907
2021-06-01,0.08,0.25,5.295632620349999,4.439362194328367,5.9,1.52,-5.215632620349999,-4.359362194328367
2021-07-01,0.1,0.25,5.245169381309234,4.210719214328185,5.4,1.32,-5.145169381309234,-4.110719214328185
2021-08-01,0.09,0.25,5.152015301793966,3.9396919775577244,5.1,1.28,-5.062015301793966,-3.8496919775577245
2021-09-01,0.08,,5.351215590949132,4.002855729865806,4.7,1.37,-5.271215590949132,-3.922855729865806
2021-10-01,0.08,,6.235042390298062,4.590317334184912,4.5,1.58,-6.155042390298062,-4.510317334184912
2021-11-01,0.08,,6.901970403700863,4.972572143965692,4.1,1.56,-6.821970403700863,-4.892572143965692
2021-12-01,0.08,,7.174340285065539,5.488993530393094,3.9,1.47,-7.094340285065539,-5.408993530393094
2022-01-01,0.08,,7.558805726967832,6.05428515424189,4.0,1.76,-7.478805726967832,-5.9742851542418896
2022-02-01,0.08,,7.937278766517819,6.4551151617656455,3.9,1.93,-7.857278766517819,-6.375115161765645
2022-03-01,0.2,,8.572204966013853,6.482378554404167,3.7,2.13,-8.372204966013854,-6.282378554404167
2022-04-01,0.33,,8.231750770777225,6.158737119052837,3.7,2.75,-7.901750770777225,-5.828737119052837
2022-05-01,0.77,,8.538171195642065,6.0254478790408905,3.6,2.9,-7.768171195642065,-5.25544787904089
2022-06-01,1.21,,8.979361103105798,5.906335651591377,3.6,3.14,-7.7693611031057985,-4.696335651591377
2022-07-01,1.68,,8.462576727730099,5.899916740834321,3.5,2.9,-6.782576727730099,-4.2199167408343214
2022-08-01,2.33,,8.222579178218826,6.286089097732228,3.6,2.9,-5.892579178218826,-3.956089097732228
2022-09-01,2.56,,8.192106896425821,6.624287624509306,3.5,3.52,-5.632106896425821,-4.064287624509307
2022-10-01,3.08,,7.758813957693,6.294999786983246,3.6,3.98,-4.678813957693,-3.2149997869832463
2022-11-01,3.78,,7.122856456533988,5.969880665899807,3.6,3.89,-3.342856456533988,-2.1898806658998073
2022-12-01,4.1,,6.404600402357152,5.685531944736666,3.5,3.62,-2.3046004023571527,-1.5855319447366663
2023-01-01,4.33,,6.327178517960097,5.539533472591773,3.5,3.53,-1.997178517960097,-1.2095334725917732
2023-02-01,4.57,,5.957820738137087,5.498260329618088,3.6,3.75,-1.387820738137087,-0.9282603296180874
2023-03-01,4.65,,4.917719362889961,5.566741392671326,3.5,3.66,-0.26771936288996034,-0.9167413926713257
2023-04-01,4.83,,4.950079879124369,5.514364195873522,3.4,3.46,-0.12007987912436935,-0.6843641958735223
2023-05-01,5.06,,4.131851231385042,5.337547036084689,3.6,3.57,0.9281487686149577,-0.2775470360846892
2023-06-01,5.08,,3.070617072997095,4.853596327155252,3.6,3.75,2.009382927002905,0.22640367284474827
2023-07-01,5.12,,3.287749268428297,4.700970557935236,3.5,3.9,1.832250731571703,0.41902944206476445
2023-08-01,5.33,,3.722504803505289,4.399143440066089,3.7,4.17,1.6074951964947113,0.9308565599339111
2023-09-01,5.33,,3.687206638119256,4.128747996485882,3.7,4.38,1.6427933618807442,1.201252003514118
2023-10-01,5.33,,3.2512659098611785,4.027401561127464,3.9,4.8,2.0787340901388216,1.3025984388725362
2023-11-01,5.33,,3.1333462745911866,4.017980521102138,3.7,4.5,2.1966537254088134,1.312019478897862
2023-12-01,5.33,,3.3159099427102934,3.9154727698627045,3.8,4.02,2.0140900572897067,1.4145272301372955
2024-01-01,5.33,,3.0883429864855705,3.8583540949372663,3.7,4.06,2.2416570135144296,1.4716459050627337
2024-02-01,5.33,,3.157074141648697,3.7619647313751337,3.9,4.21,2.172925858351303,1.5680352686248664
2024-03-01,5.33,,3.4868349120836584,3.8161935067360986,3.9,4.21,1.8431650879163417,1.5138064932639015
2024-04-01,5.33,,3.3607951262196734,3.6260251717590952,3.9,4.54,1.9692048737803267,1.7039748282409048
2024-05-01,5.33,,3.244278584003113,3.394419668976645,3.9,4.48,2.085721415996887,1.9355803310233552
2024-06-01,5.33,,2.9702579486470926,3.2654173234475614,4.1,4.31,2.3597420513529075,2.0645826765524387
2024-07-01,5.33,,2.9414757935583014,3.2301916105644812,4.2,4.25,2.3885242064416987,2.099808389435519
2024-08-01,5.33,,2.607144490692037,3.2850959364300047,4.2,3.87,2.722855509307963,2.0449040635699953
2024-09-01,5.13,,2.4264830315416708,3.2823574494668994,4.1,3.72,2.703516968458329,1.8476425505331004
2024-10-01,4.83,,2.578844053871343,3.298689706765301,4.1,4.1,2.251155946128657,1.5313102932346991
2024-11-01,4.64,,2.719472461284833,3.2859356193500444,4.2,4.36,1.9205275387151666,1.3540643806499553
2024-12-01,4.48,,2.870690967509981,3.2133335461932644,4.1,4.39,1.6093090324900192,1.266666453806736
2025-01-01,4.33,,2.9909783078999608,3.282970485398584,4.0,4.63,1.3390216921000393,1.047029514601416
2025-02-01,4.33,,2.8015834477613355,3.13755688228059,4.2,4.45,1.5284165522386646,1.1924431177194101
2025-03-01,4.33,,2.381981462805549,2.808783050077035,4.2,4.28,1.948018537194451,1.521216949922965
2025-04-01,4.33,,2.32538823025783,2.7760200724699313,4.2,4.28,2.00461176974217,1.5539799275300687
2025-05-01,4.33,,2.3772651073680873,2.7658403935930886,4.3,4.42,1.9527348926319128,1.5641596064069114
2025-06-01,4.33,,2.680453865910226,2.910895442696071,4.1,4.38,1.649546134089774,1.4191045573039291
2025-07-01,4.33,,2.742618052167134,3.0544930080893096,4.3,4.39,1.5873819478328661,1.2755069919106905
2025-08-01,4.33,,2.9385917430316155,3.111806098514469,4.3,4.26,1.3914082569683845,1.218193901485531
2025-09-01,4.22,,3.0225715847133294,3.0199668258857892,4.4,4.12,1.1974284152866703,1.2000331741142105
2025-10-01,4.09,,,,,4.06,,
2025-11-01,3.88,,2.988299628363511,2.8943434111105226,4.5,4.09,0.8917003716364889,0.9856565888894773
2025-12-01,3.72,,3.00226204316838,2.837998245815232,4.4,4.14,0.7177379568316202,0.8820017541847682
2026-01-01,3.64,,2.8286797395498997,2.9493378374616075,4.3,4.21,0.8113202604501004,0.6906621625383926
2026-02-01,3.64,,2.6645890876940914,2.7335062438778035,4.4,4.13,0.9754109123059087,0.9064937561221966
2026-03-01,3.64,,3.3202055812236786,2.6730984898529986,4.3,4.25,0.31979441877632153,0.9669015101470015
2026-04-01,3.64,,3.9470269087042764,2.9884245755166017,4.3,4.32,-0.3070269087042763,0.6515754244833984
2026-05-01,3.63,,4.270032656680245,2.9571135826898187,4.3,4.48,-0.640032656680245,0.6728864173101812
2026-06-01,3.63,,3.7265298484186804,2.80581107579545,4.2,4.47,-0.09652984841868051,0.8241889242045497
2026-07-01,3.63,,3.5397514271936714,2.786747157096725,4.1,4.6,0.09024857280632848,0.8432528429032748
2026-08-01,3.63,,3.7129581058388483,2.7634613395318253,4.1,4.68,-0.08295810583884844,0.8665386604681746
