Date,gold,Newmont,Agnico,Kinross,Zijin,Shandong Gold,Zhaojin
2021-01-08,100.0,100.0,100.0,100.0,100.0,100.0,100.0
2021-01-15,99.7382952498934,98.5188628942,95.18855275249084,94.30893311706163,93.03964769399083,94.31161769038044,95.02119555733762
2021-01-22,101.17768801447353,98.34367602020559,98.01715638566107,94.98643072180145,95.41849796090426,93.07502028087225,93.75000968576687
2021-01-29,100.7197030378876,94.91957349403336,96.85245961006568,94.57991219102749,84.58148498029139,91.54986609123725,89.08897071654322
2021-02-05,98.73507706882427,94.44177093186715,98.4331406446395,98.10296106574548,86.34360260719184,85.77904830046087,86.65253801702237
2021-02-12,99.31846681389293,93.86844508993802,92.45699662153496,100.0,106.43169995913469,89.57130860622023,89.7245843152979
2021-02-19,96.8213332133551,90.25322440295086,82.90346402062991,88.61785910271966,120.17619659930841,92.29183431576554,89.30084880378455
2021-02-26,94.22059858181197,86.60614830245159,77.9326087514165,84.41731975466546,107.40086749706398,91.54986609123725,83.15677687020276
2021-03-05,92.57946800078562,91.24826035718017,79.7459587431929,89.1856044060664,96.91629889148099,91.3437692393257,79.02541762185548
2021-03-12,93.7517050808898,94.86666014140252,82.4520503917903,91.63651093226343,100.0,89.77740545813177,80.29660865916856
2021-03-19,94.9457525540689,99.59472954367281,84.58624441134887,94.22357021597813,95.41849796090426,91.30255149874729,81.24999806284663
2021-03-26,94.4441401357356,98.90320429372882,82.10335175720923,91.50034391193857,87.31276066800761,89.61253449581812,74.36440448134346
2021-04-02,94.13336366510977,99.40175690947069,83.23316840871128,95.5852118936123,89.25107678963916,88.33469489867305,75.31779388502152
2021-04-09,95.04934692947668,98.91930026351422,84.76759208542884,100.89546895575214,90.6607974270774,88.00494482502629,80.61440512706125
2021-04-16,96.9958030467595,105.19120086030381,90.08211827796363,102.12092935025426,90.13215455731644,83.14097437011135,80.40253737130458
2021-04-23,96.88675773698236,105.68974631591676,92.21629419051887,100.078502490821,94.97797329273591,82.85242573900402,80.72033383919725
2021-04-30,96.35789064680228,100.36664872099692,87.0970399576296,95.85749601443682,97.18060611069117,79.80214180679245,74.68220611497848
2021-05-07,99.8364320353343,108.27894201076037,96.48463997996159,105.38878094717164,105.02200775303703,85.82026604103928,84.95763213116523
2021-05-14,100.20718875081556,113.77888046945242,97.67031070108808,105.93343476566386,97.44491332990135,85.77904830046087,83.36864462595945
2021-05-21,102.32266376713342,118.24967927992589,100.54381366686434,109.47361327182736,95.33038923642518,86.60346830418497,86.440675427008
2021-05-28,103.72935092549744,118.16924955190122,100.08349742805107,110.29060113096929,98.59029831678882,87.26298474951749,85.38136247693625
2021-06-04,103.03691587065164,115.76561575783985,99.13029648709046,109.05910043761857,95.50659720826981,84.37757177961954,85.16948955543725
2021-06-11,102.36083361891393,113.91856026419158,99.9152894027254,106.73577472181286,96.91629889148099,83.75926492584595,87.51169394919039
2021-06-18,96.39060290861592,101.45896934670053,87.98656460352453,87.73926304788345,86.07928591086814,79.92580317754717,80.4680648127093
2021-06-25,96.86494734390743,101.55618241688575,87.35578299963636,87.19261956778702,89.42729423859733,80.58531147386019,83.34955204232271
2021-07-02,97.19208327323884,102.65794009249025,86.47268633992579,88.01260261644067,86.69603750510817,79.10139947186204,80.36134057625509
2021-07-09,98.68600534830505,103.6624846979095,86.17833889369227,86.09928268776896,90.45479341029761,79.67847228701824,78.65379928466866
2021-07-16,98.9313572953036,100.0169695055122,85.8699585198732,84.73261337059729,89.20590886655997,71.5581291969997,78.33363174104836
2021-07-23,98.21711184738288,97.39218796999533,84.03369109754092,83.63931214759724,90.3655663864221,72.50618612442004,75.98576052796366
2021-07-30,98.82776291989582,101.78300098043644,90.66386008114955,89.65258297655515,91.43604426797638,72.59159599769058,81.10839473420758
2021-08-06,95.95987260387673,96.92233315091711,84.84669554733699,84.59596854623128,95.2718964917242,72.30223246463427,75.55887391363147
2021-08-13,96.78861429594394,95.33449580412866,82.89826731067241,83.0926401418864,100.7134465835764,75.23729741028235,73.9580465270146
2021-08-20,97.10484835653664,91.30012117086152,78.6650672147053,78.43081308341567,89.56270323669962,72.71560777628335,66.38081687123179
2021-08-27,99.04585353945009,94.28134108355233,82.09928975279414,83.10094109567598,93.22015827537763,74.65855404613079,65.7404869497335
2021-09-03,99.8255301665956,96.67928973526068,83.02740042279852,85.02393833903193,98.75090695976473,75.89872072617543,70.11607732950958
2021-09-10,97.5737418574588,93.21679459788322,77.80908881032461,78.43081308341567,106.77946264008122,82.5956745819451,70.75640725100786
2021-09-17,95.38193379317744,90.32163227453881,75.07303007120579,75.27160128892989,96.43158244292692,83.5051459020822,62.64556157869632
2021-09-24,95.3982865962855,88.1134843199263,71.23686223739186,72.52446338862192,92.23889794058532,80.0739930969656,59.977522821991315
2021-10-01,95.79630463921104,87.60643979129942,71.91384084245851,73.07389524752567,90.00874358494185,81.0661280708052,58.483424837570986
2021-10-08,95.75814144302805,88.83317751699474,76.13079895643304,77.88137409310832,91.5252428605113,82.09960302051556,58.59014390828287
2021-10-15,96.35243305683541,93.28218805520086,80.99650082160528,83.92510314683881,102.22997429048641,82.96771806674292,61.044739357821776
2021-10-22,97.89542685242084,94.23089081526588,80.57340654598349,86.80958474906552,99.19695678512048,82.01692306877406,60.83129605065568
2021-10-29,97.21389366631377,88.32612582823897,74.81914574176093,82.55151636817583,93.30935686791254,82.3476347267206,59.443917136947235
2021-11-05,99.03495167071138,92.18629452517212,75.59485580035218,85.2986471370802,90.81161621177786,82.47166280335234,61.15145842853366
2021-11-12,101.84286839747254,96.0628527571759,80.48876837672225,95.3257072480377,95.8071164782743,86.27486724228623,72.99755422763835
2021-11-19,100.93233606747498,92.49708708055697,76.65261864991166,91.61707072605176,93.04175161319426,83.17443424413567,80.14790243483132
2021-11-26,97.33929843479648,91.49933743747148,73.09853378540485,84.19979768207989,92.41729512565516,79.90864134250207,83.88315772736678
2021-12-03,97.1593710114252,89.42201935826772,68.82092324592178,80.61553997026918,90.27635831677365,78.04835872635715,76.09248476441786
2021-12-10,97.20844273194442,92.66484890087368,67.69900728354209,73.57547538827819,91.5252428605113,79.41253718499456,72.89083515692647
2021-12-17,98.34796755023496,97.85143863816067,71.6044464764526,76.61236934822894,90.72237971078883,79.74327328999956,70.00934792731304
2021-12-24,98.75142987193233,98.33042978172561,73.28023152821599,76.88844737576828,86.44050609302583,76.80819204631251,71.07656446314351
2021-12-31,99.64015180885497,102.44337966963022,75.4672738548452,80.20141223185476,86.5297236397878,77.80032702015211,71.07656446314351
2022-01-07,97.97721083475369,98.16524560781582,71.1925966499026,75.23195068491782,83.58592368118384,78.54443843680619,62.432123437272544
2022-01-14,99.04040260508073,101.12194207899641,73.01040096449971,77.16453253471121,87.60018256711503,80.03264497207535,65.42032973759785
2022-01-21,99.8746018871148,104.21078588930483,72.27190683343217,77.99278088013644,91.61446040727327,81.81024763647876,73.9580465270146
2022-01-28,97.31748804172155,98.87553755562793,65.69657792726115,72.47114188391002,87.0649436263379,77.51095533807634,66.70098441485209
2022-02-04,98.50062699056443,100.64293661517365,68.45169126955744,74.54177344457847,87.0649436263379,77.51095533807634,67.98163909210632
2022-02-11,100.36530578111191,105.48263242712117,70.63872756051889,78.82101496275446,98.66172732145687,78.42041036017444,70.86312115597741
2022-02-18,103.51671124031252,111.77592032895924,77.99516241227535,80.33946194272984,100.17821711991277,82.30629475084984,74.27821407063492
2022-02-25,102.85698844728037,112.15582244856503,73.56425798254787,76.3362913206896,97.68045750955103,85.82012750770795,73.53116507842475
2022-03-04,107.1424677904022,122.69417893691991,80.83734026227994,75.64607129192864,103.30041426358659,83.62914953165547,75.13198729929928
2022-03-11,108.10206518532146,127.91180783302349,87.86354562285828,78.14291832011232,97.94807224138285,86.60557890023277,83.1361035694143
2022-03-18,105.13058049389458,123.03750711806316,86.37531894731919,77.44894004165452,94.82586562059551,78.37907038430369,78.97396166254664
2022-03-25,106.5263657835199,131.338774410759,88.79369634857188,79.53090340264227,102.76518479992296,89.08592855836103,78.54707504821445
2022-04-01,104.63442566552814,137.71021511962894,90.55384192887871,83.55600309075032,102.14072831238386,89.2099403369538,75.66560331582801
2022-04-08,105.86118540052087,136.6122379920879,93.20117635165008,86.19315335334643,106.60103702367078,95.70019431336972,82.17560610429572
2022-04-15,107.45870185099488,141.02075800131874,94.15995424963823,85.22159232118986,108.20674436888868,89.70600374936387,96.36957828222744
2022-04-22,105.28324658982157,123.96915445106909,85.2877519702683,76.19976059878117,101.07027886217017,83.54646957991397,87.61840785415994
2022-04-29,104.1001076409787,121.19096715369623,83.32726446938182,70.50905028602277,98.75090695976473,79.20586990171876,79.9344539619229
2022-05-06,102.56801571413196,121.2242617531189,82.11092048460377,68.28830267958924,89.83033692275849,76.18811685530967,74.70510585070943
2022-05-13,98.54424777671429,108.54786929241959,72.46596562385417,57.73970162920481,85.01321488710484,74.61720592124054,68.6219690136046
2022-05-20,100.41982843600049,111.77518999581059,77.0737935831798,62.458815252788646,89.38429657451627,74.90659390135531,73.31772177125866
2022-05-27,100.93779365744184,114.30382532034953,77.35998684224424,63.15281492545722,88.58146185613438,76.51882036423673,74.70510585070943
2022-06-03,100.6161086624798,113.74523502371328,78.1096650657058,63.57666276697746,88.04622291535725,75.40265731376536,72.89083515692647
2022-06-10,102.03914862395189,112.11843225540696,77.86459281121789,63.29718305992126,92.70438532578905,76.06408062965843,75.34543060646538
2022-06-17,100.08178398233285,106.93597391249993,73.15032585061421,57.288843596552255,89.88412901914907,79.41253718499456,76.51937137875005
2022-06-24,99.58562915396641,107.6403873944785,70.95898009285875,55.89155203232523,83.69777257505305,77.0148756276273,73.21100270054677
2022-07-01,98.08080521016147,102.5921170274381,68.34956173507342,51.699691602451345,86.15413615352014,75.56800906822889,73.21100270054677
2022-07-08,94.90213176791904,99.55645865465902,65.12021390406608,46.80917825906036,82.51508566931545,74.66028978728207,71.2900077703096
2022-07-15,92.81936901341481,91.79119145189443,61.4295479133942,43.17622732347369,76.14678286113299,72.29736749999898,67.76820095068256
2022-07-22,94.1660759269234,86.1894717607738,58.070457367815095,45.41189026053513,78.87606835500812,73.5410056623462,70.00934792731304
2022-07-29,96.11798963417309,75.94198118905253,61.97738737066696,47.647549631894776,81.24143742792656,75.82102797436156,80.04117819837711
2022-08-05,96.66321618305875,75.0866465099491,62.6549635068437,46.80917825906036,80.24071110194569,76.85740397501021,80.36134057625509
2022-08-12,98.06444575145589,78.07197633663317,66.69164829560287,50.302396472522524,83.60682071651527,78.18396655968363,81.42856227782788
2022-08-19,95.28379035213901,73.00693694769002,63.029808654242245,49.60495233191549,80.42266220458889,74.2872032279896,76.73280952017383
2022-08-26,94.6567798209205,72.48703282754421,62.7991435387422,48.19572279806325,83.2428995570018,74.99193858246991,72.03706192826209
2022-09-02,93.22283799070972,69.88741914513932,60.48777249153875,46.222795032406886,77.51143034662732,73.33373535162815,65.9539302568996
2022-09-09,93.57177765751852,73.37065717596354,64.19913478702391,50.027719765790444,83.60682071651527,76.52574703080288,63.39261573664881
2022-09-16,91.14551951497732,74.28842101901665,60.6624266100521,46.363718698932466,78.96704390632972,72.00718906499372,60.29768519986929
2022-09-23,89.70612675039719,70.10747854700077,56.86375838014748,46.64556959768543,77.60241537506245,73.74828412208372,61.15145842853366
2022-09-30,90.63846281787217,71.43313345356145,61.46291308487507,52.987109631424104,71.32506442541778,71.01226712648867,57.20275982883209
2022-10-07,92.71577463800705,72.40190605495586,62.05964748682339,52.705262298372936,71.32506442541778,71.01226712648867,61.47163113789629
2022-10-14,89.50983986832033,69.2406948217733,58.39195324771739,47.20925713238417,72.41678051839054,71.50971587221197,65.52704880830974
2022-10-21,90.01690322102301,72.01100597734721,62.68547380746522,50.45049076536719,72.14384912586895,69.97588297682053,63.819502350981
2022-10-28,89.39534362417385,72.84379341051904,65.74188768527614,51.57787653187006,73.6904477140065,72.25590528883589,70.86312115597741
2022-11-04,91.18914030112718,69.66559835156649,63.18032613730843,54.39634273097814,76.05580730981139,73.25082722734095,72.99755422763835
2022-11-11,96.28700853320814,79.08123230687396,70.87957484756167,60.73788633041861,90.24805965577607,83.24145992943764,89.75284092582086
2022-11-18,95.51824043039886,76.70184270929539,69.46779594010806,57.77848933338136,87.70072526454415,81.41744045002145,86.01759596477005
2022-11-25,95.59457347836235,77.92552305994697,72.58243590498049,58.06034736353792,89.06535379581142,86.5992878571868,92.52759875323775
2022-12-02,97.91723724549577,82.71832002754644,75.95674236902978,61.62051162828842,91.97659039232975,86.22620129789433,93.80825859623431
2022-12-09,98.03718442401161,79.79164597687752,74.7096345855835,59.7747367888074,96.52537743552341,85.35565784385908,92.74104722614618
2022-12-16,97.59555225053373,79.3445317272114,74.91503439576177,58.07093393218107,93.70511165176991,79.88360755463,89.32595431148869
2022-12-23,97.91723724549577,82.28511790834877,77.20385015247606,59.20679537186169,90.0660895989058,77.97668809994609,89.21924040651913
2022-12-30,99.21487243848513,81.1673645047636,76.27952988183672,58.07093393218107,90.97586406634889,79.42761287105033,92.63433332117663
2023-01-06,101.64113058102635,90.60821643408539,81.1066095088928,64.88611683307202,94.88781751173457,79.59343726864424,95.9427019993799
2023-01-13,104.59626246934515,93.46283094742324,82.0896206130126,67.29982595809516,105.07710769109462,81.25162420144703,100.74515833051888
2023-01-20,105.03244370845368,91.7259913180573,82.5151231200781,67.0158463353678,108.35223701578585,82.90981928326929,98.82417373176635
2023-01-27,105.15239088696953,91.6916012189117,83.43944942638522,68.00971439798296,108.35223701578585,82.90981928326929,101.06533103988149
2023-02-03,101.57025512302972,85.72442138819291,76.93975950881735,62.18844234812874,107.80638370785623,82.70255712157073,98.39729744891882
2023-02-10,101.56480418866036,82.50867861324627,75.16445233105034,59.49076786318545,101.80196888928987,78.93013967826856,89.32595431148869
2023-02-17,100.34349538803697,78.10638791616549,67.8284783930638,54.805335858801065,103.34855800031389,77.76940964020856,87.0848073348582
2023-02-24,98.62058082467779,74.87346083183944,66.64004333609466,51.397744408355585,105.8049026245539,78.5570531189761,89.5394027843971
2023-03-03,100.741506775365,76.86822978486175,70.6295835238341,53.243522813538405,108.98907061359382,79.71779945507507,92.63433332117663
2023-03-10,101.5211834025105,73.18916938853,67.22537032594114,50.103519454647305,104.07636241088669,80.62980512027342,89.96629973021393
2023-03-17,107.39872826173695,83.62244382502965,75.24743672734022,59.122159873945314,104.25833246775696,86.47495011781446,104.0535166772375
2023-03-24,108.06935292350781,84.28212082159042,76.49070582607922,62.41468612731623,109.2620020061154,90.41315121361309,130.20031405647046
2023-03-31,107.35510747558709,85.09803899105478,75.43984778045862,67.4250248796843,112.71907295633628,91.36661908997455,127.2121180876298
2023-04-07,109.6941307014261,90.35807017055212,83.68391207842747,72.14906630315525,117.26786947664347,103.51290376863629,136.81705141287702
2023-04-14,109.16525695564849,85.96603277806773,86.37765475074956,76.4436617332805,126.82033553530907,113.13044991144052,148.76986628269358
2023-04-21,107.92759535191705,82.66765495539275,83.28427844346163,71.00384846195236,120.9069104837346,106.33182888851856,137.03049988578545
2023-04-28,108.50553416261634,82.28574799969269,83.96511987590667,72.29222923041102,116.72200669160031,106.53911549727557,133.18852035679575
2023-05-05,109.99400530331323,84.57723985479545,88.5237812855067,76.15735014157619,114.44762264711703,109.35804061715784,144.2875723294326
2023-05-12,109.83588827301686,79.75119840867568,83.99473086202917,75.87103854987187,99.89149652720651,99.45032418836784,122.7298034713995
2023-05-19,107.88397456576719,75.79314358943992,79.9688861326006,73.72375153191464,99.0727023496418,101.89617089797713,118.24749918665387
2023-05-26,105.99749203774229,70.61990749256654,75.49904561003248,67.8544851358372,98.25392712630415,103.05689278701765,116.53996306080978
2023-06-02,106.4500327355564,73.79833167564416,77.50716660102877,69.87902643504343,105.44100989638103,108.36312682767229,126.144896386057
2023-06-09,106.98435076010584,72.69371710860534,76.04506229563606,69.87902643504343,106.53272598935379,105.29546918590889,121.93381423639325
2023-06-16,106.7771686648878,76.8491695217084,76.0898167722154,70.31126793860004,111.31798596932296,99.1601457533626,117.00503484241543
2023-06-23,104.63442566552814,72.90412465669867,73.27001314266658,66.42110153799415,107.06144467602299,96.79721531706001,110.79048152053832
2023-06-30,104.74347097530527,74.7977353085074,74.56801367682318,68.72639193409728,105.21076342319407,97.3361262739464,104.79021352182644
2023-07-07,105.02153518411745,74.06133037056746,72.19580309841005,66.13294291275761,106.8763661259152,97.29466406278331,108.00463801008992
2023-07-14,106.86985451595936,78.86549762287301,78.47694752137758,72.9047240913433,116.40732861398352,104.88091226643381,121.5052229270935
2023-07-21,107.09885365984985,75.7620901103655,77.7160369201798,72.47248258778669,115.94467488572498,105.3773505337404,123.00528217815798
2023-07-28,106.88621397466494,74.37694169270745,76.56723205784584,70.0231164447671,118.35054440330957,103.42360681306924,117.43361582023051
2023-08-04,105.75214009074374,71.65923600422133,72.44943996547597,71.31982669262973,118.90576109940582,101.46986309239807,110.36187987975393
2023-08-11,104.29638786745802,70.4669814593474,73.18049211817234,73.19287558517622,115.66706179912008,101.42828679496212,112.50483642625267
2023-08-18,102.83517805420546,66.97781484178729,68.95825279489141,66.56518441631422,111.78065865180858,99.05886973914582,108.00463801008992
2023-08-25,104.1982444264196,67.1706943943136,70.58449104985914,69.74225324541263,113.81640897763174,107.04011721549634,112.50483642625267
2023-09-01,105.76304861507997,68.94155179612191,72.39720729651877,72.93213720677898,118.44307893980668,109.11856538141689,118.71938974812977
2023-09-08,104.59626246934515,68.61369665354907,71.25401560521905,69.16228471629672,119.18336470889719,108.07933722394687,116.576433201631
2023-09-15,104.88522854689603,71.44826996607317,73.8262119998129,75.10705841368345,121.68175928586538,108.74443574762975,129.43413115468496
2023-09-22,104.97792105356511,72.17462208302614,73.78107727616349,72.20715871687507,119.64602791426928,106.04245720644279,122.57670120034288
2023-09-29,100.76331716843994,65.46028280074742,68.36595460876048,66.11740358431476,112.24332185718066,104.37969052468685,117.00503484241543
2023-10-06,99.78736031481509,66.9661438316671,67.83947537975668,66.69737211343067,112.24332185718066,104.37969052468685,110.36187987975393
2023-10-13,105.08696636334224,69.85383098043144,73.10417713477797,74.23709135720237,111.22546090993937,105.21106979105505,116.79072885628088
2023-10-20,108.09116331658275,68.73771724636622,74.90922204769083,77.42695392435792,107.80171149088642,104.17184978260454,117.21930983409598
2023-10-27,108.42375018028349,69.0389080688853,73.38997807543679,76.99196683041558,111.13293585055577,102.67538014157292,114.86207829591666
2023-11-03,108.58186721057986,69.12747886347846,74.3977957741272,80.47184931914707,112.61346000316914,97.56237565105572,103.93304123471158
2023-11-10,105.37048150652379,60.588409369486925,70.78771198396927,75.10705841368345,109.00464151112197,94.27843488301879,98.2542270494592
2023-11-17,108.04209159606353,64.39731870356701,72.77327164880863,77.13696965979996,110.76280718168081,94.61098821936997,101.3614933789131
2023-11-24,109.16525695564849,66.59409637347346,74.9393219229034,80.90682215028221,109.65239274371534,93.19764672615179,102.11152817018765
2023-12-01,112.91641827422087,73.71634819964645,82.43084709088357,86.5675449109056,111.41052050582007,96.27373860308694,107.04030756416549
2023-12-08,108.95262392606111,69.92319114916418,77.65686323327705,83.79855638996939,107.98677108676715,94.69411636718341,101.57578903356297
2023-12-15,110.1957364641619,73.12590248949806,81.8549417784397,87.87918118650153,108.26437469625851,91.45175189658242,98.78996618608387
2023-12-22,112.1585586957478,75.255095702641,83.81000924966087,89.7737597865143,112.33587534790483,91.86743338074704,99.86142379636395
2023-12-29,112.44751811770118,74.05631112020289,83.12800293333454,88.17064165160456,115.77377409745657,95.06824600097055,104.04018906203653
2024-01-05,111.35707167552738,72.17761501690971,79.76348028675457,83.21559267134178,115.86668771849484,94.98510155511813,96.64701997106978
2024-01-12,111.5915150981897,67.34669752300353,79.67255898733566,85.83885809113006,113.35795361066654,92.65724449869882,91.71824057709193
2024-01-19,110.49016013167967,61.87164767239604,74.7773125283865,78.69776291434792,110.75627745045932,86.92073407997366,84.21790816157326
2024-01-26,109.96129304149957,61.20963647381122,74.83794081122393,80.73809314112299,113.54379032985662,85.79835332763174,83.68216902494858
2024-02-02,111.0135762874904,61.567471076122274,73.68610604366503,80.15512942249538,111.77836519033455,86.79602148570478,82.50353775863192
2024-02-09,110.31569029827526,58.668911271610966,70.65501179218592,75.2000947050398,116.14541910449616,90.62036448119471,80.36059670936015
2024-02-16,109.67232030835117,59.81403426794735,72.44337411935835,73.88847269225106,116.14541910449616,90.62036448119471,84.53934647780575
2024-02-23,111.14988292471182,55.96717625065435,75.21683589170202,72.57682215384791,125.4370749988438,91.57645634183181,89.68243185791812
2024-03-01,113.78332316247106,57.14806767095112,75.83334917696125,74.03419579339896,123.11416813309204,94.1537222887499,91.71824057709193
2024-03-08,118.7830612647086,61.151489066948564,83.30665266391742,78.70023037999327,138.35243793059263,105.3773505337404,102.96871078878715
2024-03-15,117.62172605334315,61.09739429304789,85.49209553858526,83.09687619562438,148.29448917220824,104.17184978260454,100.61147925060783
2024-03-22,117.66534683949301,60.89903008177798,85.0335960357734,82.80377550769353,142.99826113920972,105.62677572227817,98.46851237262442
2024-03-29,120.89852962542895,64.63196328801425,91.16202599260329,89.83843448575627,156.2852785551117,117.34922174826619,113.79061035415192
2024-04-05,126.8033358120997,71.50271558629034,94.75347767632826,93.79541500668391,162.6965269032508,123.62613439444432,128.14836755827034
2024-04-12,128.46627678620098,69.68132915477757,93.91292643879004,93.50230718734946,170.8731340511173,137.63488562647422,156.6495863118573
2024-04-19,130.76713016025948,70.36659645205589,97.56551943711362,99.21796314989818,173.1031746813984,130.65129815917723,138.86310896482553
2024-04-26,127.29949729606366,77.05701374365263,100.13303215351117,98.77829785519471,169.75815164443082,124.66535440289486,139.50599592877515
2024-05-03,125.34758358881399,73.32408769754527,99.3994570916833,96.57996425027375,163.62570102208772,120.00964029005621,135.22010349874694
2024-05-10,129.07148357994208,76.62421975180273,104.5344825244784,111.23551210787532,169.47942973554305,127.45047738993425,146.149140559952
2024-05-17,131.51954545996068,78.8784001751654,107.1478542446588,117.24428302116208,174.49689795119968,125.9955595992801,155.36381238395808
2024-05-24,127.17409252758097,75.70450119355769,103.47997893551945,118.27014256032365,165.57692497234578,120.05120028945318,147.4349041563666
2024-05-31,126.65066971617271,75.63237721506643,104.85559212164284,119.59969292176102,161.76735278441384,119.76021510151844,147.4349041563666
2024-06-07,125.68562138688408,73.22006534476844,98.07635421523493,108.8607190522935,165.01942429188904,119.92649584420379,162.29914173257552
2024-06-14,127.11411228272553,74.05458552913603,98.7681141706917,109.00782564573967,160.6026155317002,114.64723505805974,139.94269745352665
2024-06-21,126.29627245939703,76.66698720177078,100.27461684826481,112.09711402793442,162.76402290580432,116.26842544237972,148.9712475815286
2024-06-28,126.91238112187683,75.9594662238461,100.53594315608085,122.39478237987062,165.11339934964255,113.81585579169152,140.80256625813564
2024-07-05,130.2273612013407,80.74888361060097,107.29983235932745,124.60140980717756,170.75190281485436,115.81116766077915,157.35492710052773
2024-07-12,131.61768890099913,86.1914121557079,115.47798112948469,135.487440350266,173.66509169675965,117.64019878718143,160.79437132450977
2024-07-19,130.60901978556063,85.26618029820362,114.01759095374113,129.75019762902224,168.59047648652316,127.36317694414214,159.93451285138542
2024-07-26,129.76391863478787,84.77634871947181,112.83392407431718,126.66090211542391,148.9497841871707,117.09060446574418,141.66242473126002
2024-08-02,132.25560130095633,88.0055954975391,115.47798112948469,128.72043721209187,149.98349086823248,126.52800023469175,150.9059420604142
2024-08-09,132.6045542789602,86.55424452799679,113.98686940474735,124.74845934939492,145.1111267378183,121.0158893656518,139.94269745352665
2024-08-16,136.23031082904984,91.08967066199473,122.97973675434983,134.89901397648134,150.12473776826866,118.46863625751392,140.3726215243465
2024-08-23,136.76462219800177,94.40962195306979,127.26865813525026,135.03994477441051,151.92207234904285,127.11262719091482,147.03656343412763
2024-08-30,135.96859942334572,96.85875120621321,125.85273875970044,133.4165092706464,151.35448801979126,112.74772306209186,137.79302544200416
2024-09-06,135.95223996464014,91.77005475135772,118.77766863278545,122.93800991764299,139.62452244824928,107.1938566171872,128.33454091169773
2024-09-13,140.7393317260953,97.91358855708295,128.47886988156512,145.22328959524648,138.8677465016183,106.77626826246198,134.78351562032663
2024-09-20,142.8438982180769,99.29906634067078,128.41705257217527,141.0909407284087,150.2193383155151,109.8246371750935,143.59710887866095
2024-09-27,144.17425898407495,98.25996695314105,126.3934259506554,139.61506822792109,165.63858307296545,116.33895520606221,145.74678089018346
2024-10-04,144.2560429664078,97.2390757734246,121.75909537411331,139.024744900779,171.5981521903126,122.31041000569209,153.05560374045203
2024-10-11,144.89941295633187,98.98916164127053,122.74774982760623,144.92810653746463,163.08446306844675,114.37630460708891,140.80256625813564
2024-10-18,147.95812590886342,105.04152552560895,133.1131883867716,156.58730959598103,166.77373277724158,118.17631463038289,151.55084366387092
2024-10-25,149.44113945959344,88.26988301566587,134.20996579285287,155.40660589046806,162.98988147542735,114.41806018295364,150.6909851907466
2024-11-01,149.31574800230575,82.50919414252766,132.54159857678954,147.2894854228762,163.1790636156932,109.32353766863886,144.24201048211768
2024-11-08,146.52963501302202,82.10813384199844,129.51384204959206,154.5211422939657,161.66551172243126,106.35869620577579,132.84881080995638
2024-11-15,139.88877298535562,74.61558162908541,118.5768619657868,136.51580301209094,147.7598283353564,103.72790749884997,121.88556620306885
2024-11-22,147.7509371580479,79.08193399950694,130.22445743118962,150.8315109625719,149.0841791341254,105.35648904384702,125.75495516084003
2024-11-29,144.86669403892074,76.91190657120114,131.03716009759674,143.73676277778154,148.51659480487382,102.47986886597837,122.1005334042211
2024-12-06,143.86348251344913,75.38981352804683,129.74883473888949,144.32889748143785,148.4220037347409,101.72572600633261,115.86652589674446
2024-12-13,144.81217138403218,73.75768362383289,129.9506312554038,144.62495057045882,147.2868350762377,102.3122842801747,120.16584925682014
2024-12-20,143.32370024333528,70.20000173275119,121.32038682594795,136.9274133650348,142.0840419055215,97.41033939443821,110.49238719387682
2024-12-27,142.6966897121168,69.39311248583995,122.08096546541789,137.81558689490484,144.7327435030596,97.03326796461533,112.85701607506691
2025-01-03,144.21242218025793,69.88824972009266,125.85281118771378,144.77298424637289,147.2868350762377,101.05537136507891,122.74543500767786
2025-01-10,147.6746107656819,71.70376484590078,130.85091146128042,154.54293586336516,152.77343936580672,101.34864642749022,128.11957371054547
2025-01-17,149.62652447293158,76.41676933694843,131.98403565872522,152.61854086490376,153.90860802430993,101.85140833392074,133.27875554374552
2025-01-24,151.42577208425428,77.09529179279532,139.60535786228718,158.2436636587595,151.54369859139766,103.69487952285861,134.13861401686987
2025-01-31,153.3449668740928,78.342335644074,144.26197212426837,166.97740806996762,153.62479690545706,101.93520470133232,131.12909386370768
2025-02-07,156.33281102422524,82.23009947781897,152.65939670482717,175.71115248117576,157.21948502123254,108.51302804118352,150.26104045695743
2025-02-14,157.2215329611479,85.34764824491994,148.77888481984286,166.82940291966796,162.32769659892932,107.46561011912644,153.2705709416043
2025-02-21,160.16575632513047,83.1286884956562,149.16691790133797,162.38850674470325,153.15183207767896,102.64746160080153,153.91546221357638
2025-02-28,154.669870050124,78.56238788580654,150.0776398124718,158.68775042369452,145.20572728506477,97.74551671506505,139.72771992088974
2025-03-07,158.3719529925796,80.92888925135053,153.99014073668343,165.49913941787068,155.42215044045832,101.39055683472525,150.6909851907466
2025-03-14,163.26809006381185,85.3009284037946,161.48778003612347,172.62375392093483,165.35478143122612,106.12490083661909,161.22429539532962
2025-03-21,164.56027432243187,87.36704804138611,162.64125650531818,180.4905335965772,166.20614844799,109.81182691645583,161.65422979763412
2025-03-28,168.28417431356,88.69525195383807,167.348727304003,185.38872389594283,171.78735328480545,111.4458112613745,165.09367402161615
2025-04-04,164.2222365243618,81.50076158711131,155.0656967348546,174.99861115914902,161.85471281692415,109.72803054904425,161.86919699878638
2025-04-11,175.6828959196994,101.4055333046594,183.38839371264487,213.44192559307427,162.23309605168288,124.22436206419553,181.21612112467304
2025-04-18,180.3991055675604,101.60845851804376,189.43638632498752,219.67597041465905,166.6791511842222,131.1373545756541,203.35758787108497
2025-04-25,178.96515708175212,99.50544989631776,184.72892759763823,215.07466044713186,166.96293387173446,128.45595230867835,196.6936356298192
2025-05-02,176.21176300987952,95.05961129521792,173.20966250054698,208.84058709993272,165.1655803367332,126.9476584403673,198.1984163693696
2025-05-09,181.85485779084613,99.5792350247157,182.87398581919857,223.53515799802958,166.96293387173446,126.57059515956391,202.28274153383907
2025-05-16,173.49108785541807,92.42163364212344,165.93023673397943,203.49712622263456,164.7871971019745,122.96745729811924,191.3195072584362
2025-05-23,183.3924073076597,98.97047370482039,183.3416414300308,218.3400873668255,175.85498727413196,129.12631509895152,217.11540609295176
2025-05-30,179.31955433852778,97.71018361506172,184.5430290300531,219.37880482667657,167.7197003412519,125.69075367429103,213.03103960254367
2025-06-06,181.16242273600034,97.04296700276073,184.51176427095925,224.43568311893364,171.5981521903126,127.15715343340601,222.00062794763716
2025-06-13,187.0781307914098,107.31069209877626,194.66248998456376,234.84687628476695,183.79696004524752,134.0282518356685,233.8550354261443
2025-06-20,183.63775925465825,107.922303149977,189.28212672789851,230.23619565291028,176.69462162434692,134.07013779584506,218.22876820497999
2025-06-27,178.4908126464606,105.1978239795438,181.61825306649646,221.16358120547108,189.84356697324498,133.19031260861115,220.38412253306097
2025-07-04,181.6967474161473,111.01744787372454,187.7806215832462,235.88797563342018,192.43493203393263,137.92464846148548,227.92782135540608
2025-07-11,182.9780298060286,111.44371898813918,187.4990938953747,231.27732352717794,181.3015602361545,130.4670080834199,215.1034940977778
2025-07-18,182.81446184136288,107.84816001513364,184.13639402046394,228.0052358765226,186.86824613504356,129.67097111457807,224.6948105262538
2025-07-25,181.77853139848014,121.85970887345468,198.40058425264098,239.30885288877116,190.51541850554258,129.01468982998296,218.22876820497999
2025-08-01,182.5254891082145,116.00303131217453,195.8511664682441,241.09358647914405,184.85274840083184,124.131911438086,209.93068503632188
2025-08-08,187.5088677517465,127.84614945093627,212.1017191090751,282.2921900076912,197.13785485156185,138.40141499574418,243.7696240093785
2025-08-15,181.88757670825728,128.49481416923638,208.56696648846355,287.49777232780065,204.33617747828413,131.5823643809618,240.32105708444882
2025-08-22,183.9812413315002,131.16366629818256,214.68242579523692,291.97261398389804,198.28958950451377,129.35143991137124,230.62200393402273
2025-08-29,189.39534362417385,137.89143798229287,225.49003737587273,311.3381686626871,221.5161372498326,140.42186658995723,259.71916338530104
2025-09-05,197.00125398112885,141.64142661558822,238.16279101349426,329.3629909391952,242.53521884929646,158.64809396471392,304.3348326728243
2025-09-12,198.97497142585593,147.36884236969047,240.35854280872817,346.7919987077897,246.1823533113414,159.91086602482272,323.51740354086843
2025-09-19,200.17992742337128,151.9618932211408,252.8117188525592,349.92026021065453,240.13578429179807,153.63902206876713,301.96394291193513
2025-09-26,205.83938166304344,158.52611324073234,256.30926761698254,359.15608396086714,262.97843312228434,160.87901843430444,316.18924015133143
2025-10-03,211.59152175378725,161.51996362081704,265.7196945348537,372.86095866745444,284.73519428461816,165.55132395082393,342.4844596390737
2025-10-10,216.77661824697284,158.32154835782802,257.81492530106664,361.3905809134401,298.5657525927487,173.6331629237541,346.364056103681
2025-10-17,228.44446639312602,168.7907738015752,273.6715419773149,373.90371250174275,291.7955301383583,170.51826541600948,340.1135698781846
2025-10-24,224.54609656859355,155.03016598109625,256.1994667487518,356.623722542759,290.4414970200164,154.3677725836833,313.171744092018
2025-10-31,217.12011363500983,150.5672576326795,252.21570873074435,346.1960986230329,294.9871945241996,152.42232456485254,313.171744092018
2025-11-07,218.05790063685416,155.06735569064492,253.15676590813413,362.4333347477284,291.7955301383583,148.9120366314724,317.6979675180189
2025-11-14,222.86680944698176,163.2679372506351,263.66508079495776,378.9685494404166,290.3447735993395,151.53417922871975,322.8707972424441
2025-11-21,222.27250452197933,155.25328991813038,250.94527309133326,363.3271278236347,272.1619456741526,148.446809108811,306.92123720355227
2025-11-28,229.99290446748333,169.2067343303622,273.57743384530886,418.7423555810543,276.41751082475906,154.19859893907915,313.171744092018
2025-12-05,229.69848745556308,167.39772776173155,265.4029426898255,406.37821327674806,302.91800325557807,153.64881719019363,318.1290383836351
2025-12-12,234.45287361080207,183.02598360659846,264.52262847296095,415.9120155949534,306.59326579057705,152.2531509202484,316.8358257867865
2025-12-19,237.7951017065152,188.90058297053557,273.8603859507761,425.89272871391915,300.98366752162866,154.029425294475,328.0436269668693
2025-12-26,246.93856158028376,197.2741962057188,288.00849822023247,442.4278863553785,324.29245765815216,167.90138708535244,356.4942007826926
2026-01-02,235.23253692675254,188.77003950028316,267.94963235238646,421.57269556715517,333.38389057497267,163.71442087159465,343.77765157295306
2026-01-09,244.82306659717335,203.26067974397387,300.4745664504389,465.36861333779285,359.9811064264686,185.0721534558158,383.4360265688592
2026-01-16,250.17174436621974,212.827872147879,310.441119797443,501.41828641642337,362.39902135534857,194.29192151027408,393.3506151520934
2026-01-23,271.3156459054398,231.83169916517906,337.25964386542273,553.5562633869816,363.26947527875984,214.4231777671931,415.98173228209794
2026-01-30,257.0143375547348,209.52690951866822,299.46849305973655,470.13550023408834,388.22248774988304,230.70581509956267,390.11760432294113
2026-02-06,269.9525795332256,215.0658133988781,309.0577688852273,478.03067715886306,359.6909172102107,190.18955841685738,358.00296947531865
2026-02-13,273.8127728503801,234.61047359312238,340.4823041765312,512.4417818952917,365.39727680829014,192.008142500274,336.0184173177999
2026-02-20,275.8464572287676,227.76609204961483,358.82766810466455,498.2900534391729,365.39727680829014,192.008142500274,336.23395275060795
2026-02-27,285.1807463946462,242.44325365136143,395.51849253161555,551.0238734432592,382.5161660602578,200.08602104973227,371.79715452316015
2026-03-06,280.5790396465292,217.31370722905945,348.03736681921816,484.88307172373516,358.82046328679945,194.63026879948237,343.77765157295306
2026-03-13,275.4757138244814,204.77458875978618,326.84012572295984,455.944092648343,345.9571012769842,196.70259705176625,334.0785984225269
2026-03-20,249.19033657822553,179.02360042929269,282.0992414674519,395.8376564496236,306.1096486871923,167.85909367420138,300.4551948822784
2026-03-27,244.91576575943995,190.79654214462616,304.5720364493977,428.6501001783921,314.0404763727978,163.16463912270916,329.33683956371794
2026-04-03,253.6121292141663,213.12778130732352,328.4149763024594,469.9639757147182,318.29602256917724,169.97371533763626,350.02813779844945
2026-04-10,259.631424989386,225.92853088689867,344.49399526501867,503.6713535439689,326.4202212792284,170.01602504682631,363.60684940239076
2026-04-17,264.8492537111778,217.70613957425442,346.6200230260726,521.1215558440604,335.8985099703025,162.57251506855565,334.0785984225269
2026-04-24,257.47232253132074,225.55477215789602,315.3281275698742,489.0548857780914,331.83642956950405,151.5764726398708,316.62029035397836
2026-05-01,252.43443454409524,202.98061846186255,289.0757491395401,440.7310116573489,322.06798957062614,145.40176499613125,304.9814183082793
2026-05-08,257.3687348115105,217.72482751070456,304.27286046894125,469.9639757147182,336.57555496081403,154.3677725836833,322.22419094401977
2026-05-15,248.39430049237444,203.8028447048949,283.9890573343172,423.2807808316429,307.94729890891887,134.91320275616135,258.85704231703795
2026-05-22,246.4969227512084,201.14927229103864,277.0282906837959,422.5289882642056,299.43618756193297,127.08908467360935,236.87249015951917
2026-05-29,248.65056761930674,205.68353848415347,288.43005340057067,450.75733723373565,294.40691086281913,122.09856809504038,232.3462667335183
2026-06-05,236.47021184167903,186.76537524910984,258.3714621556086,391.6122142402006,286.57280659789063,118.63056542379181,218.40027085020162
2026-06-12,229.81299035530708,187.73938190473606,256.7611701349123,382.0534234837834,281.350083057423,117.53097747896228,217.10028079942134
2026-06-19,230.30915183927104,194.40756699607317,263.10757823357125,398.3332483507738,287.15310921349817,113.80922248982696,214.17527219071175
2026-06-26,222.38154983175647,180.05972836332555,248.22033808793066,362.3384015030146,246.3718955819213,97.27284098859015,180.26688497782501
2026-07-03,224.23533340916276,181.76424001067147,242.90011422501271,369.05940708797334,273.0703459601339,110.29895085448582,207.67525994790245
2026-07-10,223.76643325264308,178.48633299654472,231.86493382644738,360.5461086248265,272.08878235770874,106.33868221390932,200.3085807835832
2026-07-17,218.7830546091111,168.01577576882062,216.23571696943085,337.0971692963123,278.3707818315394,101.22625630377588,189.8002417774038
2026-07-24,221.77635634921043,174.5528588998505,229.11798070698794,356.21477933476126,309.2899594910259,110.51384864744611,220.56694848546118
2026-07-31,220.76768723377197,175.52686555547672,229.33900686104533,345.0130558171394,323.4244677842584,120.14227373126897,229.66696149280037
2026-08-07,236.6664987237559,211.6212329040287,282.30467145596907,412.82080886519043,345.01879122070534,129.85589681385562,259.1336574871081
2026-08-14,238.8310321493979,220.57457313638494,294.36601194760436,407.89203910719107,319.30188549069084,124.99908934707204,245.70030987221915
2026-08-21,252.11821379469757,246.46063013860075,341.09576944956217,489.94665353537556,345.227856345155,158.2936442129942,276.4670165802765
2026-08-28,244.15790618096688,239.7175071381115,325.6086563547283,467.6627858756847,344.33348218719647,151.6286589606822,259.350329383228
2026-09-04,246.22976706673242,244.8151179534576,327.7240130551494,472.44858525432545,330.71911579288945,159.23358471700288,238.7669745001395
