ticker,cycle,peak_date,peak_pb,+6m,+12m,+24m
DHT,2008 super-cycle,2007-12-31,1.15,-14.0,-48.0,-62.0
DHT,2015-16 spike,2015-12-31,0.42,-32.0,-42.0,-47.0
DHT,2020 floating storage,2020-03-31,0.64,-23.0,-7.0,-8.0
DHT,2022-23 post-Ukraine,2023-09-30,1.2,16.0,17.0,33.0
DHT,2026 current,2026-09-18,2.82,,,
FRO,2015-16 spike,2015-06-30,4.18,23.0,-29.0,-43.0
FRO,2020 floating storage,2020-03-31,0.66,-22.0,-14.0,6.0
FRO,2022-23 post-Ukraine,2023-12-31,1.51,34.0,-22.0,22.0
FRO,2026 current,2026-09-18,3.63,,,
