Date,pct_above_60dma,pct_above_200dma
2015-01-02,82.2,0.0
2015-01-05,71.3,0.0
2015-01-06,57.4,0.0
2015-01-07,67.0,0.0
2015-01-08,79.8,0.0
2015-01-09,70.4,0.0
2015-01-12,63.7,0.0
2015-01-13,61.3,0.0
2015-01-14,56.3,0.0
2015-01-15,48.7,0.0
2015-01-16,57.0,0.0
2015-01-20,56.5,0.0
2015-01-21,59.1,0.0
2015-01-22,68.9,0.0
2015-01-23,63.5,0.0
2015-01-26,67.4,0.0
2015-01-27,57.8,0.0
2015-01-28,49.8,0.0
2015-01-29,56.1,0.0
2015-01-30,45.0,0.0
2015-02-02,52.6,0.0
2015-02-03,63.0,0.0
2015-02-04,60.2,0.0
2015-02-05,68.5,0.0
2015-02-06,65.4,0.0
2015-02-09,61.3,0.0
2015-02-10,69.1,0.0
2015-02-11,66.7,0.0
2015-02-12,73.7,0.0
2015-02-13,73.9,0.0
2015-02-17,74.8,0.0
2015-02-18,75.0,0.0
2015-02-19,74.8,0.0
2015-02-20,78.0,0.0
2015-02-23,77.0,0.0
2015-02-24,77.4,0.0
2015-02-25,76.5,0.0
2015-02-26,73.7,0.0
2015-02-27,72.4,0.0
2015-03-02,75.2,0.0
2015-03-03,73.0,0.0
2015-03-04,69.6,0.0
2015-03-05,72.0,0.0
2015-03-06,63.0,0.0
2015-03-09,64.1,0.0
2015-03-10,52.4,0.0
2015-03-11,53.7,0.0
2015-03-12,63.3,0.0
2015-03-13,57.8,0.0
2015-03-16,64.6,0.0
2015-03-17,61.7,75.4
2015-03-18,71.1,78.9
2015-03-19,69.3,77.6
2015-03-20,75.7,80.4
2015-03-23,73.0,80.7
2015-03-24,69.8,78.7
2015-03-25,57.0,74.8
2015-03-26,57.6,72.2
2015-03-27,60.0,73.0
2015-03-30,70.4,77.0
2015-03-31,63.8,74.4
2015-04-01,60.3,73.1
2015-04-02,64.2,75.1
2015-04-06,69.6,76.8
2015-04-07,65.9,75.5
2015-04-08,67.2,76.1
2015-04-09,67.2,76.6
2015-04-10,69.6,77.9
2015-04-13,64.6,75.9
2015-04-14,63.8,77.9
2015-04-15,67.0,79.4
2015-04-16,66.8,78.5
2015-04-17,52.3,76.6
2015-04-20,61.4,78.3
2015-04-21,60.1,77.7
2015-04-22,64.0,79.0
2015-04-23,64.9,80.3
2015-04-24,63.3,79.6
2015-04-27,59.4,78.5
2015-04-28,58.4,79.4
2015-04-29,54.7,79.4
2015-04-30,43.2,74.0
2015-05-01,52.9,77.9
2015-05-04,55.1,79.2
2015-05-05,45.6,72.0
2015-05-06,41.9,71.8
2015-05-07,45.1,72.2
2015-05-08,56.2,75.9
2015-05-11,52.9,73.8
2015-05-12,50.1,73.8
2015-05-13,49.9,74.2
2015-05-14,62.3,77.9
2015-05-15,63.3,79.2
2015-05-18,64.9,80.3
2015-05-19,65.7,79.8
2015-05-20,65.5,79.0
2015-05-21,66.2,79.8
2015-05-22,64.0,78.1
2015-05-26,54.9,74.2
2015-05-27,61.8,75.9
2015-05-28,62.9,76.4
2015-05-29,55.5,73.3
2015-06-01,57.5,74.2
2015-06-02,55.7,72.9
2015-06-03,56.0,70.7
2015-06-04,47.7,66.8
2015-06-05,47.9,66.6
2015-06-08,41.6,64.9
2015-06-09,40.3,64.6
2015-06-10,51.6,68.3
2015-06-11,52.9,69.8
2015-06-12,49.0,66.6
2015-06-15,44.7,65.1
2015-06-16,48.8,66.6
2015-06-17,50.3,67.0
2015-06-18,60.3,71.6
2015-06-19,56.6,68.3
2015-06-22,60.1,69.8
2015-06-23,59.2,69.4
2015-06-24,52.3,66.6
2015-06-25,49.7,65.5
2015-06-26,50.1,67.0
2015-06-29,31.7,57.3
2015-06-30,34.9,57.7
2015-07-01,40.8,61.2
2015-07-02,40.3,59.9
2015-07-06,37.6,59.2
2015-07-07,44.7,62.9
2015-07-08,31.7,55.7
2015-07-09,33.7,55.9
2015-07-10,45.6,59.6
2015-07-13,51.6,63.1
2015-07-14,55.9,65.0
2015-07-15,54.6,64.6
2015-07-16,61.1,67.0
2015-07-17,57.2,63.5
2015-07-20,58.3,63.3
2015-07-21,52.9,59.8
2015-07-22,55.7,60.3
2015-07-23,51.5,59.1
2015-07-24,44.6,56.0
2015-07-27,42.5,54.3
2015-07-28,49.4,58.0
2015-07-29,55.6,61.2
2015-07-30,55.8,61.4
2015-07-31,57.1,63.6
2015-08-03,55.0,64.4
2015-08-04,55.4,62.5
2015-08-05,58.8,62.7
2015-08-06,53.2,61.6
2015-08-07,52.8,63.1
2015-08-10,61.9,64.9
2015-08-11,55.4,63.6
2015-08-12,53.4,64.2
2015-08-13,55.0,63.4
2015-08-14,58.6,65.9
2015-08-17,60.3,66.8
2015-08-18,59.7,64.2
2015-08-19,55.6,63.6
2015-08-20,40.7,55.8
2015-08-21,26.3,44.0
2015-08-24,10.6,22.6
2015-08-25,7.3,20.5
2015-08-26,15.7,29.5
2015-08-27,26.1,38.6
2015-08-28,25.0,37.5
2015-08-31,18.5,33.8
2015-09-01,9.9,23.5
2015-09-02,14.9,30.4
2015-09-03,17.0,31.0
2015-09-04,11.0,26.1
2015-09-08,22.2,34.7
2015-09-09,15.9,30.8
2015-09-10,17.5,31.5
2015-09-11,22.4,34.1
2015-09-14,20.3,32.5
2015-09-15,27.4,35.8
2015-09-16,33.6,37.9
2015-09-17,34.5,38.6
2015-09-18,27.8,33.6
2015-09-21,30.8,36.0
2015-09-22,23.5,31.2
2015-09-23,24.4,31.9
2015-09-24,22.8,31.2
2015-09-25,24.1,32.5
2015-09-28,13.6,25.0
2015-09-29,14.4,26.5
2015-09-30,21.1,31.0
2015-10-01,23.3,30.8
2015-10-02,28.7,35.6
2015-10-05,42.7,40.7
2015-10-06,38.8,39.0
2015-10-07,46.3,41.8
2015-10-08,53.9,44.8
2015-10-09,56.0,44.2
2015-10-12,56.9,45.5
2015-10-13,52.2,42.0
2015-10-14,46.6,40.3
2015-10-15,56.0,45.3
2015-10-16,56.9,46.8
2015-10-19,57.4,46.0
2015-10-20,60.0,46.9
2015-10-21,55.3,43.0
2015-10-22,63.4,48.4
2015-10-23,72.0,51.2
2015-10-26,71.6,49.7
2015-10-27,68.4,48.6
2015-10-28,76.6,56.6
2015-10-29,75.3,55.9
2015-10-30,73.1,53.3
2015-11-02,78.9,58.7
2015-11-03,78.9,59.6
2015-11-04,77.8,58.3
2015-11-05,77.8,58.7
2015-11-06,75.3,58.1
2015-11-09,71.2,54.6
2015-11-10,73.8,54.4
2015-11-11,73.3,54.6
2015-11-12,66.7,48.2
2015-11-13,62.6,44.3
2015-11-16,68.4,50.1
2015-11-17,66.0,49.0
2015-11-18,72.7,55.1
2015-11-19,74.2,55.2
2015-11-20,74.5,58.6
2015-11-23,74.2,58.2
2015-11-24,74.9,59.2
2015-11-25,74.9,59.4
2015-11-27,76.8,60.1
2015-11-30,74.0,59.7
2015-12-01,78.5,62.2
2015-12-02,73.4,59.2
2015-12-03,61.6,51.9
2015-12-04,72.5,58.8
2015-12-07,68.7,56.0
2015-12-08,63.1,54.5
2015-12-09,57.5,49.8
2015-12-10,55.2,50.9
2015-12-11,41.0,43.8
2015-12-14,44.4,44.4
2015-12-15,52.4,51.1
2015-12-16,64.4,55.4
2015-12-17,52.8,51.1
2015-12-18,38.6,45.7
2015-12-21,44.2,47.6
2015-12-22,54.5,50.4
2015-12-23,60.9,54.5
2015-12-24,60.3,54.3
2015-12-28,59.2,54.1
2015-12-29,63.3,57.9
2015-12-30,59.9,56.0
2015-12-31,50.9,51.7
2016-01-04,35.8,45.7
2016-01-05,38.8,46.1
2016-01-06,30.7,39.5
2016-01-07,18.7,32.6
2016-01-08,16.1,27.3
2016-01-11,17.0,27.9
2016-01-12,19.7,30.7
2016-01-13,12.4,24.7
2016-01-14,15.7,27.3
2016-01-15,11.6,23.2
2016-01-19,14.8,24.9
2016-01-20,9.2,21.9
2016-01-21,10.3,21.0
2016-01-22,17.6,27.3
2016-01-25,14.6,24.9
2016-01-26,18.9,28.5
2016-01-27,16.5,27.5
2016-01-28,18.7,26.2
2016-01-29,30.5,35.0
2016-02-01,33.0,35.6
2016-02-02,25.8,30.7
2016-02-03,29.4,30.5
2016-02-04,31.5,31.8
2016-02-05,25.1,26.2
2016-02-08,21.2,23.4
2016-02-09,23.4,24.0
2016-02-10,23.0,25.3
2016-02-11,19.5,22.3
2016-02-12,26.0,26.8
2016-02-16,33.0,29.8
2016-02-17,40.8,34.8
2016-02-18,39.7,32.8
2016-02-19,41.8,34.5
2016-02-22,47.6,39.5
2016-02-23,43.6,36.7
2016-02-24,46.4,37.6
2016-02-25,53.4,40.6
2016-02-26,54.9,41.4
2016-02-29,52.6,39.9
2016-03-01,67.0,48.1
2016-03-02,70.4,48.9
2016-03-03,73.6,52.4
2016-03-04,75.5,54.1
2016-03-07,76.0,55.6
2016-03-08,69.1,50.9
2016-03-09,73.6,52.1
2016-03-10,73.2,52.4
2016-03-11,83.3,60.5
2016-03-14,83.9,60.5
2016-03-15,81.3,57.9
2016-03-16,85.2,60.5
2016-03-17,86.7,63.1
2016-03-18,90.1,65.2
2016-03-21,89.3,64.6
2016-03-22,91.2,65.9
2016-03-23,88.2,61.2
2016-03-24,88.2,61.4
2016-03-28,88.6,61.4
2016-03-29,91.0,64.2
2016-03-30,93.1,66.3
2016-03-31,92.3,68.0
2016-04-01,94.2,68.9
2016-04-04,93.1,68.0
2016-04-05,90.8,62.9
2016-04-06,94.4,67.0
2016-04-07,88.0,64.2
2016-04-08,89.5,64.8
2016-04-11,88.2,63.5
2016-04-12,90.6,66.3
2016-04-13,94.6,71.2
2016-04-14,92.7,70.8
2016-04-15,93.1,71.9
2016-04-18,93.8,72.7
2016-04-19,94.6,75.3
2016-04-20,93.1,77.7
2016-04-21,85.2,77.0
2016-04-22,84.8,78.3
2016-04-25,85.4,76.6
2016-04-26,86.1,79.8
2016-04-27,88.2,81.5
2016-04-28,83.7,75.8
2016-04-29,80.3,72.7
2016-05-02,84.5,76.4
2016-05-03,80.0,71.7
2016-05-04,73.8,67.8
2016-05-05,72.1,67.2
2016-05-06,74.2,69.1
2016-05-09,74.9,69.5
2016-05-10,78.8,74.0
2016-05-11,72.1,71.0
2016-05-12,70.8,70.2
2016-05-13,64.8,68.5
2016-05-16,68.5,70.2
2016-05-17,60.3,68.7
2016-05-18,54.7,70.4
2016-05-19,52.1,68.2
2016-05-20,57.5,72.3
2016-05-23,54.3,69.7
2016-05-24,66.3,76.6
2016-05-25,70.4,78.8
2016-05-26,71.0,77.7
2016-05-27,74.9,80.5
2016-05-31,74.2,80.3
2016-06-01,75.1,80.0
2016-06-02,77.0,81.3
2016-06-03,74.0,78.8
2016-06-06,75.5,79.8
2016-06-07,77.3,81.3
2016-06-08,79.6,82.2
2016-06-09,76.2,79.6
2016-06-10,68.9,76.0
2016-06-13,62.4,73.8
2016-06-14,59.0,72.5
2016-06-15,60.9,72.5
2016-06-16,61.8,72.5
2016-06-17,60.5,71.7
2016-06-20,66.1,74.2
2016-06-21,67.2,74.7
2016-06-22,65.7,74.2
2016-06-23,75.3,78.1
2016-06-24,42.3,65.5
2016-06-27,27.3,59.4
2016-06-28,40.6,64.4
2016-06-29,52.6,68.2
2016-06-30,62.0,72.3
2016-07-01,64.6,71.7
2016-07-05,56.5,68.7
2016-07-06,60.8,69.2
2016-07-07,61.0,69.2
2016-07-08,72.4,74.5
2016-07-11,75.2,75.8
2016-07-12,80.7,77.9
2016-07-13,79.9,77.9
2016-07-14,83.7,79.7
2016-07-15,84.2,80.3
2016-07-18,85.0,80.9
2016-07-19,82.2,80.5
2016-07-20,84.4,82.2
2016-07-21,81.4,81.2
2016-07-22,85.2,83.3
2016-07-25,83.5,82.9
2016-07-26,83.3,83.5
2016-07-27,78.2,83.5
2016-07-28,79.4,83.5
2016-07-29,79.7,82.4
2016-08-01,78.2,81.4
2016-08-02,71.7,79.4
2016-08-03,74.5,81.8
2016-08-04,73.9,80.5
2016-08-05,80.5,85.2
2016-08-08,78.6,85.9
2016-08-09,78.6,84.8
2016-08-10,77.7,84.4
2016-08-11,79.0,85.7
2016-08-12,76.9,85.7
2016-08-15,76.4,85.7
2016-08-16,71.9,84.8
2016-08-17,73.3,85.5
2016-08-18,76.1,85.0
2016-08-19,72.2,85.9
2016-08-22,74.1,85.9
2016-08-23,73.7,86.5
2016-08-24,70.7,86.1
2016-08-25,69.4,85.0
2016-08-26,66.2,82.9
2016-08-29,69.7,84.8
2016-08-30,67.5,83.8
2016-08-31,66.5,83.3
2016-09-01,66.2,83.5
2016-09-02,68.6,84.8
2016-09-06,70.1,86.8
2016-09-07,69.4,85.9
2016-09-08,65.8,84.8
2016-09-09,45.5,77.4
2016-09-12,56.2,82.3
2016-09-13,44.2,77.6
2016-09-14,42.1,76.9
2016-09-15,47.4,78.8
2016-09-16,43.8,78.6
2016-09-19,47.9,79.3
2016-09-20,47.0,77.6
2016-09-21,57.4,80.8
2016-09-22,64.8,83.2
2016-09-23,59.5,80.6
2016-09-26,53.1,78.7
2016-09-27,56.5,80.4
2016-09-28,58.6,82.3
2016-09-29,50.1,80.2
2016-09-30,55.9,81.9
2016-10-03,53.5,80.0
2016-10-04,48.0,75.3
2016-10-05,50.6,76.0
2016-10-06,51.7,76.0
2016-10-07,48.5,73.2
2016-10-10,48.9,74.9
2016-10-11,39.6,70.0
2016-10-12,38.7,71.7
2016-10-13,35.3,72.8
2016-10-14,35.5,70.6
2016-10-17,32.8,69.6
2016-10-18,37.4,71.9
2016-10-19,39.4,71.9
2016-10-20,37.4,70.6
2016-10-21,37.0,69.8
2016-10-24,40.6,72.6
2016-10-25,37.7,70.0
2016-10-26,37.4,67.9
2016-10-27,33.0,63.8
2016-10-28,34.5,64.9
2016-10-31,41.3,67.9
2016-11-01,32.5,62.8
2016-11-02,28.5,59.0
2016-11-03,26.5,58.6
2016-11-04,27.6,58.6
2016-11-07,42.9,64.8
2016-11-08,49.7,66.7
2016-11-09,52.2,67.3
2016-11-10,55.4,65.2
2016-11-11,54.6,65.4
2016-11-14,56.5,65.0
2016-11-15,58.6,66.5
2016-11-16,58.0,65.8
2016-11-17,60.7,68.4
2016-11-18,60.1,68.2
2016-11-21,63.5,70.7
2016-11-22,64.1,70.7
2016-11-23,64.5,70.9
2016-11-25,67.3,72.6
2016-11-28,66.5,70.5
2016-11-29,66.2,70.9
2016-11-30,62.6,66.7
2016-12-01,57.7,64.1
2016-12-02,58.2,63.9
2016-12-05,61.1,65.8
2016-12-06,63.7,67.5
2016-12-07,67.7,70.3
2016-12-08,70.7,72.2
2016-12-09,73.9,72.0
2016-12-12,75.4,73.2
2016-12-13,77.5,75.2
2016-12-14,70.7,71.5
2016-12-15,72.6,72.0
2016-12-16,72.2,72.2
2016-12-19,74.5,71.8
2016-12-20,74.9,73.0
2016-12-21,75.2,71.1
2016-12-22,71.5,69.9
2016-12-23,73.9,70.1
2016-12-27,76.2,70.7
2016-12-28,69.4,68.2
2016-12-29,72.0,69.9
2016-12-30,69.6,67.7
2017-01-03,75.8,70.5
2017-01-04,83.0,73.7
2017-01-05,82.8,73.9
2017-01-06,84.1,74.5
2017-01-09,80.3,72.4
2017-01-10,80.9,73.5
2017-01-11,82.6,73.9
2017-01-12,82.0,73.2
2017-01-13,83.4,74.3
2017-01-17,83.7,75.6
2017-01-18,85.6,75.6
2017-01-19,80.9,73.5
2017-01-20,80.5,73.9
2017-01-23,79.8,73.2
2017-01-24,83.2,75.6
2017-01-25,84.5,76.4
2017-01-26,82.2,76.4
2017-01-27,80.0,74.3
2017-01-30,75.8,74.1
2017-01-31,77.5,75.6
2017-02-01,68.9,73.5
2017-02-02,70.8,75.6
2017-02-03,77.3,76.7
2017-02-06,75.0,75.6
2017-02-07,73.5,76.3
2017-02-08,74.4,77.8
2017-02-09,79.2,80.5
2017-02-10,81.8,81.8
2017-02-13,84.7,82.8
2017-02-14,85.0,83.1
2017-02-15,84.7,84.5
2017-02-16,84.7,84.3
2017-02-17,83.7,84.3
2017-02-21,85.2,87.3
2017-02-22,84.3,85.6
2017-02-23,82.2,85.6
2017-02-24,82.8,87.7
2017-02-27,83.5,87.3
2017-02-28,81.6,87.5
2017-03-01,84.5,88.3
2017-03-02,82.2,87.5
2017-03-03,81.4,87.5
2017-03-06,80.3,86.0
2017-03-07,77.8,85.0
2017-03-08,75.6,81.6
2017-03-09,73.5,82.0
2017-03-10,74.6,82.0
2017-03-13,75.8,83.1
2017-03-14,73.7,82.4
2017-03-15,78.4,85.6
2017-03-16,77.8,84.5
2017-03-17,77.5,85.6
2017-03-20,75.6,84.5
2017-03-21,65.7,81.8
2017-03-22,66.5,82.2
2017-03-23,66.7,83.3
2017-03-24,65.0,83.1
2017-03-27,61.9,82.6
2017-03-28,66.7,83.9
2017-03-29,68.4,84.7
2017-03-30,70.6,84.3
2017-03-31,68.4,84.1
2017-04-03,66.1,83.3
2017-04-04,64.2,83.3
2017-04-05,60.6,82.4
2017-04-06,63.3,83.3
2017-04-07,63.8,82.8
2017-04-10,62.9,83.1
2017-04-11,62.5,83.1
2017-04-12,56.1,82.8
2017-04-13,49.4,79.9
2017-04-17,58.5,81.6
2017-04-18,57.2,80.1
2017-04-19,56.6,80.7
2017-04-20,63.1,82.4
2017-04-21,60.6,82.0
2017-04-24,69.1,83.5
2017-04-25,71.2,84.7
2017-04-26,69.5,84.1
2017-04-27,69.7,83.5
2017-04-28,67.0,82.5
2017-05-01,65.1,81.2
2017-05-02,65.3,81.4
2017-05-03,61.9,80.1
2017-05-04,62.6,78.4
2017-05-05,65.8,81.6
2017-05-08,63.2,81.2
2017-05-09,62.6,81.0
2017-05-10,63.6,81.4
2017-05-11,62.2,80.8
2017-05-12,59.5,80.0
2017-05-15,64.1,81.2
2017-05-16,62.9,79.3
2017-05-17,50.6,75.3
2017-05-18,52.5,75.1
2017-05-19,58.6,78.1
2017-05-22,62.2,78.9
2017-05-23,62.9,79.5
2017-05-24,63.9,78.9
2017-05-25,66.9,79.5
2017-05-26,68.1,78.7
2017-05-30,66.0,78.5
2017-05-31,66.9,77.8
2017-06-01,72.2,80.4
2017-06-02,73.4,80.4
2017-06-05,71.1,79.3
2017-06-06,68.8,78.7
2017-06-07,69.6,79.3
2017-06-08,70.9,79.7
2017-06-09,74.9,80.4
2017-06-12,76.6,81.4
2017-06-13,80.0,83.1
2017-06-14,77.8,81.9
2017-06-15,77.2,80.8
2017-06-16,75.9,82.3
2017-06-19,80.2,82.1
2017-06-20,74.3,80.6
2017-06-21,71.9,79.3
2017-06-22,70.0,80.0
2017-06-23,70.9,80.4
2017-06-26,73.0,81.4
2017-06-27,68.6,80.4
2017-06-28,76.2,82.1
2017-06-29,66.7,80.2
2017-06-30,69.4,81.0
2017-07-03,67.7,82.1
2017-07-05,68.1,80.6
2017-07-06,60.5,78.7
2017-07-07,65.0,79.3
2017-07-10,64.6,79.1
2017-07-11,65.8,79.3
2017-07-12,70.7,80.6
2017-07-13,70.9,81.2
2017-07-14,74.9,81.2
2017-07-17,75.5,82.3
2017-07-18,75.7,82.1
2017-07-19,78.5,83.1
2017-07-20,78.7,83.1
2017-07-21,77.4,83.5
2017-07-24,74.7,82.1
2017-07-25,75.3,83.8
2017-07-26,73.8,83.1
2017-07-27,73.2,83.8
2017-07-28,71.7,82.7
2017-07-31,70.0,82.5
2017-08-01,70.0,82.7
2017-08-02,67.9,81.4
2017-08-03,67.3,80.6
2017-08-04,68.4,80.6
2017-08-07,69.2,81.4
2017-08-08,65.6,80.6
2017-08-09,64.6,80.2
2017-08-10,51.7,75.5
2017-08-11,51.5,75.7
2017-08-14,60.1,78.9
2017-08-15,59.1,78.1
2017-08-16,60.8,77.8
2017-08-17,48.3,71.9
2017-08-18,45.8,70.9
2017-08-21,46.2,70.5
2017-08-22,54.4,73.4
2017-08-23,50.4,72.2
2017-08-24,49.2,72.6
2017-08-25,51.7,72.8
2017-08-28,50.6,71.5
2017-08-29,50.2,70.7
2017-08-30,55.7,72.4
2017-08-31,61.8,73.6
2017-09-01,64.6,75.5
2017-09-05,59.1,71.9
2017-09-06,60.8,72.6
2017-09-07,58.6,71.3
2017-09-08,59.1,72.4
2017-09-11,69.8,75.1
2017-09-12,70.9,76.8
2017-09-13,69.2,76.8
2017-09-14,68.6,75.3
2017-09-15,69.6,76.6
2017-09-18,72.4,77.2
2017-09-19,72.2,77.0
2017-09-20,70.9,78.7
2017-09-21,69.0,78.1
2017-09-22,67.3,78.9
2017-09-25,66.7,78.9
2017-09-26,67.1,78.7
2017-09-27,67.3,80.4
2017-09-28,66.9,80.2
2017-09-29,69.0,81.2
2017-10-02,71.7,80.4
2017-10-03,73.6,81.0
2017-10-04,75.3,81.6
2017-10-05,78.5,82.3
2017-10-06,77.8,81.4
2017-10-09,76.4,80.0
2017-10-10,78.3,81.2
2017-10-11,80.2,81.4
2017-10-12,81.0,81.6
2017-10-13,81.4,81.9
2017-10-16,78.7,81.6
2017-10-17,79.7,82.5
2017-10-18,78.5,82.3
2017-10-19,80.0,82.1
2017-10-20,81.9,82.3
2017-10-23,79.5,82.1
2017-10-24,78.7,81.2
2017-10-25,76.2,80.6
2017-10-26,74.5,79.3
2017-10-27,77.2,79.3
2017-10-30,75.5,79.1
2017-10-31,76.2,77.8
2017-11-01,75.3,77.4
2017-11-02,74.9,77.4
2017-11-03,75.1,76.8
2017-11-06,75.1,77.4
2017-11-07,73.4,76.8
2017-11-08,73.2,77.2
2017-11-09,71.1,78.3
2017-11-10,69.4,77.6
2017-11-13,72.4,77.0
2017-11-14,71.5,77.6
2017-11-15,66.9,75.7
2017-11-16,72.8,77.6
2017-11-17,70.3,78.1
2017-11-20,71.1,77.8
2017-11-21,73.6,78.7
2017-11-22,71.7,78.1
2017-11-24,71.5,78.3
2017-11-27,70.9,77.4
2017-11-28,75.5,80.2
2017-11-29,78.5,80.0
2017-11-30,81.0,81.4
2017-12-01,81.0,81.9
2017-12-04,76.6,83.1
2017-12-05,72.8,82.7
2017-12-06,73.4,82.1
2017-12-07,75.5,82.1
2017-12-08,78.3,82.9
2017-12-11,79.3,83.5
2017-12-12,77.6,83.3
2017-12-13,77.6,84.0
2017-12-14,72.2,82.1
2017-12-15,76.4,84.4
2017-12-18,80.0,84.8
2017-12-19,75.3,82.9
2017-12-20,74.1,82.1
2017-12-21,74.3,82.9
2017-12-22,73.4,82.9
2017-12-26,71.9,83.1
2017-12-27,73.4,83.3
2017-12-28,73.8,84.0
2017-12-29,72.4,83.8
2018-01-02,74.1,83.2
2018-01-03,77.7,83.6
2018-01-04,78.1,82.7
2018-01-05,80.0,82.7
2018-01-08,81.5,84.8
2018-01-09,81.1,83.6
2018-01-10,79.2,82.1
2018-01-11,80.4,82.9
2018-01-12,80.6,82.5
2018-01-16,79.2,82.1
2018-01-17,81.9,83.8
2018-01-18,81.7,82.3
2018-01-19,82.9,82.7
2018-01-22,84.0,84.4
2018-01-23,84.8,84.8
2018-01-24,84.6,84.6
2018-01-25,84.4,84.8
2018-01-26,85.3,85.1
2018-01-29,82.1,83.2
2018-01-30,79.8,82.3
2018-01-31,78.5,82.9
2018-02-01,77.7,81.3
2018-02-02,67.6,78.9
2018-02-05,37.5,69.9
2018-02-06,46.9,72.2
2018-02-07,44.6,71.2
2018-02-08,20.0,59.4
2018-02-09,25.9,64.6
2018-02-12,31.8,67.8
2018-02-13,36.0,69.5
2018-02-14,46.5,70.9
2018-02-15,54.5,73.9
2018-02-16,55.4,74.3
2018-02-20,49.9,73.5
2018-02-21,48.2,71.2
2018-02-22,47.8,71.4
2018-02-23,58.1,73.9
2018-02-26,61.7,76.4
2018-02-27,53.1,73.5
2018-02-28,47.6,71.6
2018-03-01,36.8,67.6
2018-03-02,41.7,69.3
2018-03-05,45.5,70.7
2018-03-06,49.5,72.8
2018-03-07,49.3,71.8
2018-03-08,52.0,72.2
2018-03-09,62.1,74.9
2018-03-12,60.2,75.6
2018-03-13,57.3,74.9
2018-03-14,53.1,74.5
2018-03-15,53.5,72.6
2018-03-16,57.5,74.3
2018-03-19,49.9,72.2
2018-03-20,49.7,71.2
2018-03-21,50.7,69.5
2018-03-22,33.1,64.4
2018-03-23,22.5,56.6
2018-03-26,33.9,64.2
2018-03-27,29.5,61.3
2018-03-28,28.2,60.2
2018-03-29,34.7,63.4
2018-04-02,25.1,54.3
2018-04-03,31.2,58.5
2018-04-04,36.8,63.4
2018-04-05,41.1,65.1
2018-04-06,27.4,56.4
2018-04-09,28.4,56.8
2018-04-10,38.3,63.6
2018-04-11,36.0,61.1
2018-04-12,38.9,61.7
2018-04-13,39.8,60.6
2018-04-16,48.0,66.3
2018-04-17,55.2,68.4
2018-04-18,57.7,68.6
2018-04-19,53.5,64.4
2018-04-20,49.1,62.3
2018-04-23,49.5,63.4
2018-04-24,42.3,57.3
2018-04-25,44.2,58.9
2018-04-26,49.5,61.1
2018-04-27,49.9,62.1
2018-04-30,45.7,56.2
2018-05-01,49.7,57.9
2018-05-02,42.7,54.9
2018-05-03,41.9,53.7
2018-05-04,50.7,58.9
2018-05-07,51.8,59.6
2018-05-08,48.8,59.4
2018-05-09,52.2,61.9
2018-05-10,61.1,65.9
2018-05-11,61.3,65.9
2018-05-14,61.5,65.1
2018-05-15,55.4,62.1
2018-05-16,58.5,62.5
2018-05-17,56.2,62.7
2018-05-18,57.3,63.4
2018-05-21,63.4,65.7
2018-05-22,60.8,64.6
2018-05-23,61.3,64.4
2018-05-24,61.9,64.4
2018-05-25,62.1,64.8
2018-05-29,52.4,60.4
2018-05-30,61.7,65.5
2018-05-31,54.9,60.6
2018-06-01,59.6,62.5
2018-06-04,60.4,64.2
2018-06-05,63.4,64.6
2018-06-06,66.9,67.4
2018-06-07,68.2,68.2
2018-06-08,70.5,68.8
2018-06-11,72.8,70.1
2018-06-12,74.1,70.1
2018-06-13,69.7,67.2
2018-06-14,72.0,67.4
2018-06-15,71.6,66.5
2018-06-18,71.2,66.5
2018-06-19,69.1,63.6
2018-06-20,70.1,64.2
2018-06-21,62.7,63.4
2018-06-22,64.6,64.0
2018-06-25,58.9,61.1
2018-06-26,58.7,60.6
2018-06-27,51.6,58.5
2018-06-28,54.5,58.1
2018-06-29,56.0,58.5
2018-07-02,56.4,60.0
2018-07-03,53.3,58.5
2018-07-05,57.7,61.1
2018-07-06,61.5,64.2
2018-07-09,70.5,64.8
2018-07-10,71.8,66.9
2018-07-11,65.7,64.4
2018-07-12,69.1,66.1
2018-07-13,70.3,65.3
2018-07-16,68.6,65.5
2018-07-17,72.6,67.6
2018-07-18,75.2,68.2
2018-07-19,73.5,68.6
2018-07-20,71.2,65.5
2018-07-23,67.8,64.0
2018-07-24,68.2,65.5
2018-07-25,71.4,68.2
2018-07-26,76.0,69.1
2018-07-27,71.2,68.4
2018-07-30,62.9,67.2
2018-07-31,66.7,71.2
2018-08-01,64.4,69.3
2018-08-02,66.8,70.0
2018-08-03,68.9,71.6
2018-08-06,72.9,71.6
2018-08-07,76.1,72.1
2018-08-08,73.7,71.4
2018-08-09,73.3,70.8
2018-08-10,68.1,69.1
2018-08-13,64.9,68.3
2018-08-14,68.3,69.7
2018-08-15,64.1,68.3
2018-08-16,69.1,70.6
2018-08-17,70.4,70.6
2018-08-20,72.5,71.4
2018-08-21,75.0,71.6
2018-08-22,73.3,71.2
2018-08-23,71.4,70.0
2018-08-24,73.5,71.0
2018-08-27,77.3,73.3
2018-08-28,77.3,73.3
2018-08-29,78.6,74.6
2018-08-30,74.2,72.1
2018-08-31,74.2,72.3
2018-09-04,71.8,71.2
2018-09-05,74.2,71.4
2018-09-06,73.5,70.6
2018-09-07,71.6,70.6
2018-09-10,74.6,70.0
2018-09-11,73.5,69.7
2018-09-12,73.9,69.7
2018-09-13,75.4,71.6
2018-09-14,73.9,71.8
2018-09-17,72.3,71.0
2018-09-18,74.2,73.7
2018-09-19,73.5,74.6
2018-09-20,77.1,76.9
2018-09-21,76.3,76.7
2018-09-24,70.0,73.9
2018-09-25,66.6,72.1
2018-09-26,60.5,68.3
2018-09-27,60.7,68.7
2018-09-28,64.5,69.3
2018-10-01,63.4,69.7
2018-10-02,61.1,69.5
2018-10-03,60.1,70.4
2018-10-04,54.4,69.3
2018-10-05,51.7,66.8
2018-10-08,52.1,68.5
2018-10-09,49.2,66.4
2018-10-10,27.5,55.0
2018-10-11,13.9,44.5
2018-10-12,17.0,50.0
2018-10-15,17.0,49.8
2018-10-16,29.8,56.5
2018-10-17,29.8,56.1
2018-10-18,23.9,52.1
2018-10-19,25.2,51.5
2018-10-22,21.4,50.2
2018-10-23,19.3,47.9
2018-10-24,15.3,39.1
2018-10-25,19.3,43.1
2018-10-26,13.7,40.1
2018-10-29,17.0,38.4
2018-10-30,20.4,43.9
2018-10-31,21.8,46.4
2018-11-01,26.1,48.9
2018-11-02,23.1,48.5
2018-11-05,28.2,48.9
2018-11-06,35.7,51.5
2018-11-07,48.3,56.5
2018-11-08,48.7,56.9
2018-11-09,44.5,54.6
2018-11-12,35.5,48.7
2018-11-13,36.1,48.3
2018-11-14,33.0,45.8
2018-11-15,37.8,49.6
2018-11-16,41.0,50.6
2018-11-19,35.1,46.0
2018-11-20,26.9,39.5
2018-11-21,29.0,40.3
2018-11-23,28.6,41.6
2018-11-26,35.7,46.0
2018-11-27,35.9,44.5
2018-11-28,48.1,52.7
2018-11-29,46.0,51.7
2018-11-30,51.3,53.6
2018-12-03,59.7,56.3
2018-12-04,38.7,45.0
2018-12-06,37.4,43.7
2018-12-07,26.8,38.6
2018-12-10,27.5,39.8
2018-12-11,29.1,39.0
2018-12-12,32.1,40.9
2018-12-13,31.0,39.8
2018-12-14,24.5,36.1
2018-12-17,15.7,28.9
2018-12-18,16.1,28.9
2018-12-19,13.6,25.4
2018-12-20,11.1,19.9
2018-12-21,8.0,17.4
2018-12-24,1.3,11.1
2018-12-26,6.7,18.4
2018-12-27,9.9,22.0
2018-12-28,10.1,22.0
2018-12-31,13.8,24.1
2019-01-02,8.8,19.7
2019-01-03,5.5,16.1
2019-01-04,15.1,23.5
2019-01-07,21.2,25.8
2019-01-08,29.1,30.0
2019-01-09,33.3,31.7
2019-01-10,41.1,33.8
2019-01-11,42.3,34.0
2019-01-14,37.3,32.1
2019-01-15,46.8,34.6
2019-01-16,50.1,36.1
2019-01-17,58.7,39.2
2019-01-18,70.6,44.9
2019-01-22,61.2,39.4
2019-01-23,61.8,40.5
2019-01-24,62.3,40.9
2019-01-25,70.2,45.1
2019-01-28,67.1,43.4
2019-01-29,67.9,43.2
2019-01-30,76.5,48.6
2019-01-31,79.2,50.1
2019-02-01,81.3,52.0
2019-02-04,85.5,55.3
2019-02-05,86.0,58.7
2019-02-06,85.7,59.1
2019-02-07,82.2,55.1
2019-02-08,82.6,55.3
2019-02-11,83.2,56.0
2019-02-12,86.8,62.1
2019-02-13,89.7,64.2
2019-02-14,88.1,62.7
2019-02-15,92.2,67.1
2019-02-19,93.7,67.5
2019-02-20,93.7,69.6
2019-02-21,92.2,68.1
2019-02-22,92.9,69.0
2019-02-25,93.1,68.8
2019-02-26,91.6,68.3
2019-02-27,92.2,68.8
2019-02-28,89.9,68.6
2019-03-01,92.5,68.8
2019-03-04,91.4,68.1
2019-03-05,90.6,67.3
2019-03-06,88.1,65.0
2019-03-07,86.8,62.7
2019-03-08,84.9,62.1
2019-03-11,88.3,66.0
2019-03-12,89.3,65.5
2019-03-13,90.4,66.0
2019-03-14,89.1,65.8
2019-03-15,89.1,66.8
2019-03-18,89.6,69.1
2019-03-19,89.4,67.2
2019-03-20,84.4,64.2
2019-03-21,86.2,68.5
2019-03-22,75.2,62.5
2019-03-25,75.0,62.7
2019-03-26,76.9,64.8
2019-03-27,74.8,64.0
2019-03-28,76.0,64.6
2019-03-29,79.6,67.1
2019-04-01,85.0,72.5
2019-04-02,83.5,72.5
2019-04-03,83.3,72.9
2019-04-04,84.8,73.8
2019-04-05,88.1,75.8
2019-04-08,86.5,76.2
2019-04-09,82.5,73.8
2019-04-10,85.0,75.2
2019-04-11,84.4,76.5
2019-04-12,86.9,78.1
2019-04-15,84.0,76.7
2019-04-16,82.5,76.5
2019-04-17,76.2,75.2
2019-04-18,77.3,76.9
2019-04-22,75.8,76.0
2019-04-23,80.2,78.3
2019-04-24,80.0,78.8
2019-04-25,76.2,76.9
2019-04-26,76.7,76.9
2019-04-29,76.9,77.7
2019-04-30,79.4,77.9
2019-05-01,73.5,76.0
2019-05-02,72.3,75.2
2019-05-03,78.5,77.3
2019-05-06,74.8,76.2
2019-05-07,62.3,74.4
2019-05-08,60.4,72.9
2019-05-09,58.8,72.9
2019-05-10,60.9,72.1
2019-05-13,45.1,64.2
2019-05-14,51.1,67.4
2019-05-15,52.4,68.2
2019-05-16,58.4,68.2
2019-05-17,54.1,66.9
2019-05-20,50.3,66.1
2019-05-21,57.0,68.8
2019-05-22,53.8,67.4
2019-05-23,48.2,64.7
2019-05-24,50.4,65.4
2019-05-28,44.0,62.2
2019-05-29,40.5,60.4
2019-05-30,40.7,61.0
2019-05-31,38.0,57.5
2019-06-03,38.0,59.3
2019-06-04,47.7,64.9
2019-06-05,54.1,67.0
2019-06-06,56.0,67.0
2019-06-07,60.2,68.3
2019-06-10,61.4,70.1
2019-06-11,61.4,70.1
2019-06-12,61.3,68.3
2019-06-13,65.0,70.0
2019-06-14,62.7,67.7
2019-06-17,61.5,68.9
2019-06-18,66.9,72.9
2019-06-19,68.5,73.7
2019-06-20,72.9,76.6
2019-06-21,71.6,75.6
2019-06-24,69.8,75.6
2019-06-25,65.2,73.9
2019-06-26,64.2,72.7
2019-06-27,67.9,75.8
2019-06-28,74.5,79.1
2019-07-01,78.1,80.3
2019-07-02,77.2,79.7
2019-07-03,82.6,81.4
2019-07-05,81.0,81.0
2019-07-08,78.3,79.7
2019-07-09,78.3,80.1
2019-07-10,77.4,80.1
2019-07-11,79.3,80.7
2019-07-12,83.9,82.6
2019-07-15,84.3,81.4
2019-07-16,83.6,82.4
2019-07-17,76.8,80.5
2019-07-18,79.3,79.9
2019-07-19,78.5,79.3
2019-07-22,79.3,79.1
2019-07-23,79.3,81.2
2019-07-24,81.6,83.0
2019-07-25,78.9,81.2
2019-07-26,79.9,81.4
2019-07-29,78.7,80.5
2019-07-30,79.1,80.3
2019-07-31,72.9,79.1
2019-08-01,62.5,76.2
2019-08-02,57.1,72.9
2019-08-05,34.4,64.6
2019-08-06,41.6,66.7
2019-08-07,43.5,66.7
2019-08-08,59.0,71.2
2019-08-09,52.8,67.7
2019-08-12,43.5,65.0
2019-08-13,52.4,67.3
2019-08-14,35.2,61.5
2019-08-15,38.1,60.5
2019-08-16,47.4,63.6
2019-08-19,52.2,65.8
2019-08-20,48.9,64.2
2019-08-21,52.2,65.4
2019-08-22,52.0,66.7
2019-08-23,38.5,59.6
2019-08-26,45.3,62.3
2019-08-27,42.7,60.0
2019-08-28,44.5,61.3
2019-08-29,50.7,65.6
2019-08-30,52.2,66.5
2019-09-03,46.8,62.5
2019-09-04,50.7,65.4
2019-09-05,62.9,72.0
2019-09-06,63.4,71.8
2019-09-09,63.8,73.5
2019-09-10,62.7,76.6
2019-09-11,67.7,79.1
2019-09-12,69.2,78.9
2019-09-13,68.9,79.3
2019-09-16,69.8,81.0
2019-09-17,72.3,78.5
2019-09-18,72.5,78.1
2019-09-19,71.9,77.5
2019-09-20,68.0,77.1
2019-09-23,67.1,75.8
2019-09-24,59.9,72.9
2019-09-25,64.0,74.4
2019-09-26,63.4,73.8
2019-09-27,59.9,73.1
2019-09-30,62.4,74.4
2019-10-01,49.0,69.4
2019-10-02,35.3,63.6
2019-10-03,38.8,64.7
2019-10-04,50.6,68.0
2019-10-07,45.7,66.7
2019-10-08,32.9,58.9
2019-10-09,38.8,61.0
2019-10-10,45.5,64.5
2019-10-11,56.0,68.2
2019-10-14,53.5,68.0
2019-10-15,59.3,70.7
2019-10-16,59.3,70.7
2019-10-17,63.2,70.9
2019-10-18,59.3,70.5
2019-10-21,64.3,71.3
2019-10-22,61.0,71.7
2019-10-23,63.6,72.7
2019-10-24,65.3,72.5
2019-10-25,63.8,73.1
2019-10-28,65.5,73.6
2019-10-29,68.2,73.6
2019-10-30,68.4,73.8
2019-10-31,65.9,72.3
2019-11-01,69.8,75.6
2019-11-04,68.8,76.7
2019-11-05,66.5,75.4
2019-11-06,68.0,76.0
2019-11-07,66.1,76.2
2019-11-08,67.6,75.6
2019-11-11,66.3,76.0
2019-11-12,68.0,76.0
2019-11-13,68.4,76.0
2019-11-14,69.8,76.0
2019-11-15,72.3,78.1
2019-11-18,71.7,77.9
2019-11-19,72.1,78.3
2019-11-20,70.5,77.1
2019-11-21,68.6,77.9
2019-11-22,69.6,77.5
2019-11-25,71.3,78.3
2019-11-26,73.3,78.9
2019-11-27,75.0,80.2
2019-11-29,73.1,78.1
2019-12-02,67.1,75.2
2019-12-03,64.7,72.9
2019-12-04,67.6,74.8
2019-12-05,68.0,76.2
2019-12-06,71.9,78.3
2019-12-09,71.1,77.7
2019-12-10,68.2,76.0
2019-12-11,69.4,76.4
2019-12-12,73.1,78.7
2019-12-13,72.9,78.5
2019-12-16,76.0,80.4
2019-12-17,77.7,79.5
2019-12-18,78.5,80.2
2019-12-19,79.8,81.6
2019-12-20,82.0,82.9
2019-12-23,82.0,82.9
2019-12-24,81.8,83.5
2019-12-26,82.9,83.5
2019-12-27,82.4,83.7
2019-12-30,80.0,82.6
2019-12-31,82.4,83.3
2020-01-02,82.4,84.1
2020-01-03,79.5,83.3
2020-01-06,78.9,83.7
2020-01-07,75.4,82.0
2020-01-08,77.7,82.9
2020-01-09,79.1,85.3
2020-01-10,78.1,84.5
2020-01-13,82.0,86.0
2020-01-14,81.2,86.6
2020-01-15,81.8,87.2
2020-01-16,85.5,88.6
2020-01-17,87.0,88.8
2020-01-21,83.1,87.0
2020-01-22,80.6,87.0
2020-01-23,80.6,87.0
2020-01-24,74.0,84.3
2020-01-27,63.2,78.7
2020-01-28,66.7,81.8
2020-01-29,65.3,79.8
2020-01-30,66.3,80.0
2020-01-31,53.3,74.8
2020-02-03,57.2,75.8
2020-02-04,66.5,79.8
2020-02-05,73.1,83.7
2020-02-06,72.7,84.1
2020-02-07,68.4,80.0
2020-02-10,70.2,81.4
2020-02-11,72.5,82.9
2020-02-12,74.8,84.5
2020-02-13,74.0,83.1
2020-02-14,72.7,83.7
2020-02-18,70.2,81.4
2020-02-19,72.1,82.2
2020-02-20,70.9,83.7
2020-02-21,67.4,81.4
2020-02-24,50.8,71.9
2020-02-25,33.1,57.9
2020-02-26,30.6,54.8
2020-02-27,13.6,41.9
2020-02-28,7.2,31.8
2020-03-02,21.1,50.6
2020-03-03,16.5,42.4
2020-03-04,33.1,53.5
2020-03-05,23.3,44.4
2020-03-06,19.0,40.7
2020-03-09,6.8,19.0
2020-03-10,11.6,30.8
2020-03-11,5.2,15.9
2020-03-12,2.1,6.8
2020-03-13,5.2,13.8
2020-03-16,1.9,4.3
2020-03-17,5.2,11.6
2020-03-18,3.9,7.9
2020-03-19,2.7,6.2
2020-03-20,1.6,3.7
2020-03-23,1.4,3.7
2020-03-24,2.3,6.0
2020-03-25,1.9,5.3
2020-03-26,4.7,11.3
2020-03-27,2.7,7.8
2020-03-30,6.8,13.6
2020-03-31,5.1,11.1
2020-04-01,3.5,8.2
2020-04-02,6.2,10.1
2020-04-03,5.6,9.3
2020-04-06,9.9,15.2
2020-04-07,9.5,14.0
2020-04-08,14.8,19.8
2020-04-09,19.5,22.2
2020-04-13,14.0,18.3
2020-04-14,27.0,25.7
2020-04-15,21.0,21.4
2020-04-16,24.5,24.9
2020-04-17,33.1,29.6
2020-04-20,27.0,25.5
2020-04-21,18.5,19.8
2020-04-22,25.3,23.7
2020-04-23,24.1,23.7
2020-04-24,32.5,25.5
2020-04-27,39.5,27.8
2020-04-28,41.6,27.6
2020-04-29,58.4,34.4
2020-04-30,48.6,29.0
2020-05-01,34.0,23.9
2020-05-04,37.4,25.9
2020-05-05,44.0,28.8
2020-05-06,42.8,29.2
2020-05-07,50.2,30.7
2020-05-08,59.5,34.6
2020-05-11,58.0,34.2
2020-05-12,50.4,30.5
2020-05-13,42.2,29.0
2020-05-14,47.9,31.1
2020-05-15,50.6,30.7
2020-05-18,71.8,38.3
2020-05-19,67.3,34.4
2020-05-20,73.3,39.7
2020-05-21,73.9,37.0
2020-05-22,74.7,38.9
2020-05-26,87.0,42.0
2020-05-27,91.4,46.9
2020-05-28,93.6,47.1
2020-05-29,94.7,48.8
2020-06-01,95.9,49.0
2020-06-02,97.5,50.6
2020-06-03,98.1,56.0
2020-06-04,97.7,55.3
2020-06-05,98.1,65.0
2020-06-08,98.6,72.4
2020-06-09,98.1,63.0
2020-06-10,97.9,56.0
2020-06-11,87.7,41.6
2020-06-12,90.5,44.2
2020-06-15,92.0,46.3
2020-06-16,95.1,49.6
2020-06-17,93.0,48.4
2020-06-18,91.8,47.3
2020-06-19,86.6,46.7
2020-06-22,85.8,46.3
2020-06-23,84.6,47.3
2020-06-24,70.4,40.7
2020-06-25,73.5,42.8
2020-06-26,61.7,38.7
2020-06-29,70.8,42.0
2020-06-30,75.7,46.1
2020-07-01,75.7,45.7
2020-07-02,78.0,47.7
2020-07-06,81.9,49.8
2020-07-07,73.3,47.1
2020-07-08,70.4,46.9
2020-07-09,61.3,44.7
2020-07-10,72.2,46.3
2020-07-13,71.4,46.7
2020-07-14,76.3,50.6
2020-07-15,84.8,55.6
2020-07-16,82.9,55.6
2020-07-17,82.5,57.6
2020-07-20,78.4,55.8
2020-07-21,83.1,57.4
2020-07-22,86.4,61.7
2020-07-23,85.6,60.9
2020-07-24,80.0,59.1
2020-07-27,81.1,59.3
2020-07-28,78.0,58.0
2020-07-29,82.3,60.9
2020-07-30,78.0,59.9
2020-07-31,76.5,59.1
2020-08-03,76.1,59.5
2020-08-04,77.8,59.1
2020-08-05,79.2,61.9
2020-08-06,79.0,60.9
2020-08-07,80.2,64.6
2020-08-10,81.9,66.7
2020-08-11,80.7,66.5
2020-08-12,84.0,66.7
2020-08-13,80.7,66.0
2020-08-14,81.1,66.7
2020-08-17,79.4,65.4
2020-08-18,76.3,65.4
2020-08-19,74.7,64.4
2020-08-20,68.7,64.0
2020-08-21,66.9,63.0
2020-08-24,74.1,65.6
2020-08-25,74.3,65.6
2020-08-26,72.8,64.6
2020-08-27,77.0,66.3
2020-08-28,80.0,68.7
2020-08-31,76.1,67.1
2020-09-01,75.9,67.3
2020-09-02,84.2,72.0
2020-09-03,75.1,68.7
2020-09-04,73.0,67.9
2020-09-08,61.1,63.6
2020-09-09,67.7,65.4
2020-09-10,60.5,63.4
2020-09-11,60.5,64.2
2020-09-14,66.7,67.5
2020-09-15,68.1,67.5
2020-09-16,68.7,70.0
2020-09-17,64.6,68.5
2020-09-18,60.1,65.8
2020-09-21,44.2,60.3
2020-09-22,48.1,62.6
2020-09-23,33.7,58.0
2020-09-24,34.2,58.6
2020-09-25,42.8,61.1
2020-09-28,54.7,64.8
2020-09-29,51.2,63.2
2020-09-30,55.0,65.1
2020-10-01,57.1,66.5
2020-10-02,56.9,67.4
2020-10-05,66.9,72.7
2020-10-06,61.6,70.2
2020-10-07,69.4,74.7
2020-10-08,76.4,77.8
2020-10-09,77.4,77.6
2020-10-12,81.1,78.2
2020-10-13,77.0,76.0
2020-10-14,74.3,75.4
2020-10-15,74.3,76.2
2020-10-16,73.1,76.8
2020-10-19,65.7,73.9
2020-10-20,66.1,75.6
2020-10-21,64.3,74.3
2020-10-22,67.8,76.6
2020-10-23,69.8,77.2
2020-10-26,55.2,73.3
2020-10-27,47.6,68.4
2020-10-28,30.4,60.0
2020-10-29,36.6,62.8
2020-10-30,31.4,62.8
2020-11-02,44.8,69.4
2020-11-03,55.6,73.3
2020-11-04,62.0,74.9
2020-11-05,68.6,77.6
2020-11-06,68.4,75.6
2020-11-09,76.0,84.4
2020-11-10,77.0,87.1
2020-11-11,82.5,86.2
2020-11-12,78.2,84.4
2020-11-13,84.2,88.1
2020-11-16,85.8,90.8
2020-11-17,86.2,91.0
2020-11-18,82.1,89.3
2020-11-19,82.8,89.9
2020-11-20,79.9,88.9
2020-11-23,81.3,90.3
2020-11-24,82.3,91.8
2020-11-25,82.3,91.6
2020-11-27,82.8,92.6
2020-11-30,84.2,91.4
2020-12-01,85.4,92.8
2020-12-02,84.2,92.8
2020-12-03,83.4,92.4
2020-12-04,84.0,92.6
2020-12-07,83.8,92.8
2020-12-08,83.6,92.4
2020-12-09,81.8,91.6
2020-12-10,78.7,90.6
2020-12-11,78.7,90.8
2020-12-14,78.1,90.4
2020-12-15,82.4,92.0
2020-12-16,81.6,91.6
2020-12-17,85.3,92.0
2020-12-18,84.0,91.4
2020-12-21,81.2,90.0
2020-12-22,80.8,89.6
2020-12-23,78.7,89.8
2020-12-24,81.2,90.6
2020-12-28,81.6,90.2
2020-12-29,80.4,90.0
2020-12-30,80.8,90.4
2020-12-31,83.4,92.2
2021-01-04,76.5,90.8
2021-01-05,78.3,90.8
2021-01-06,83.6,92.0
2021-01-07,83.4,90.8
2021-01-08,85.7,91.4
2021-01-11,82.6,90.8
2021-01-12,82.0,90.6
2021-01-13,83.2,90.4
2021-01-14,79.1,90.0
2021-01-15,78.1,90.6
2021-01-19,80.0,91.2
2021-01-20,84.0,91.8
2021-01-21,82.6,91.2
2021-01-22,78.1,90.4
2021-01-25,78.1,91.4
2021-01-26,75.7,90.8
2021-01-27,55.2,87.7
2021-01-28,65.0,88.1
2021-01-29,48.7,86.1
2021-02-01,57.7,88.1
2021-02-02,64.6,89.6
2021-02-03,65.6,88.8
2021-02-04,69.9,90.0
2021-02-05,72.0,90.2
2021-02-08,74.4,90.6
2021-02-09,73.6,90.6
2021-02-10,74.3,89.8
2021-02-11,71.8,88.6
2021-02-12,72.9,88.2
2021-02-16,72.9,87.8
2021-02-17,71.6,89.6
2021-02-18,71.2,89.2
2021-02-19,68.0,88.0
2021-02-22,64.7,85.9
2021-02-23,65.5,86.1
2021-02-24,68.6,85.9
2021-02-25,61.6,82.7
2021-02-26,57.1,79.4
2021-03-01,65.3,83.5
2021-03-02,63.7,82.4
2021-03-03,58.2,80.6
2021-03-04,50.8,76.9
2021-03-05,62.0,81.2
2021-03-08,63.1,79.4
2021-03-09,67.1,83.1
2021-03-10,71.2,83.5
2021-03-11,73.3,84.3
2021-03-12,74.7,85.3
2021-03-15,79.4,87.1
2021-03-16,78.6,87.3
2021-03-17,78.4,86.9
2021-03-18,73.1,85.5
2021-03-19,73.3,85.7
2021-03-22,75.5,87.3
2021-03-23,73.1,87.6
2021-03-24,71.6,86.9
2021-03-25,74.9,87.8
2021-03-26,81.2,91.4
2021-03-29,79.6,92.2
2021-03-30,78.0,90.4
2021-03-31,79.6,91.8
2021-04-01,84.5,92.7
2021-04-05,87.3,93.7
2021-04-06,87.8,93.7
2021-04-07,85.9,93.3
2021-04-08,86.9,93.3
2021-04-09,89.0,93.5
2021-04-12,90.0,93.5
2021-04-13,89.8,93.7
2021-04-14,90.4,93.5
2021-04-15,92.5,94.3
2021-04-16,92.1,94.5
2021-04-19,91.1,93.9
2021-04-20,84.8,94.3
2021-04-21,89.2,95.3
2021-04-22,85.8,95.3
2021-04-23,88.8,95.1
2021-04-26,91.5,94.3
2021-04-27,90.9,93.9
2021-04-28,88.8,93.3
2021-04-29,87.8,94.1
2021-04-30,83.9,93.1
2021-05-03,83.3,93.3
2021-05-04,78.9,92.5
2021-05-05,79.3,91.7
2021-05-06,79.7,91.3
2021-05-07,83.1,91.5
2021-05-10,79.3,90.7
2021-05-11,75.8,90.2
2021-05-12,67.1,86.6
2021-05-13,72.0,88.0
2021-05-14,78.7,90.0
2021-05-17,75.6,88.6
2021-05-18,72.2,87.8
2021-05-19,69.3,88.6
2021-05-20,73.6,90.4
2021-05-21,72.4,89.6
2021-05-24,77.0,90.4
2021-05-25,75.6,90.2
2021-05-26,78.5,89.8
2021-05-27,79.5,89.8
2021-05-28,80.7,90.7
2021-06-01,78.3,89.2
2021-06-02,75.8,89.6
2021-06-03,73.6,88.6
2021-06-04,76.6,90.4
2021-06-07,72.2,89.4
2021-06-08,72.4,89.6
2021-06-09,68.9,89.6
2021-06-10,71.3,91.5
2021-06-11,73.0,92.5
2021-06-14,70.5,92.7
2021-06-15,68.9,91.7
2021-06-16,62.4,89.8
2021-06-17,55.1,90.0
2021-06-18,40.7,88.4
2021-06-21,53.0,89.6
2021-06-22,54.5,89.6
2021-06-23,51.4,88.6
2021-06-24,55.9,89.8
2021-06-25,60.0,92.1
2021-06-28,56.7,92.3
2021-06-29,54.5,90.9
2021-06-30,54.3,90.9
2021-07-01,60.0,90.9
2021-07-02,61.0,91.5
2021-07-06,53.0,91.3
2021-07-07,55.9,91.5
2021-07-08,49.6,91.1
2021-07-09,60.2,91.7
2021-07-12,59.3,91.5
2021-07-13,53.7,89.6
2021-07-14,54.5,89.6
2021-07-15,53.9,89.8
2021-07-16,51.4,87.4
2021-07-19,40.9,81.5
2021-07-20,50.6,86.2
2021-07-21,54.3,87.8
2021-07-22,51.8,86.6
2021-07-23,56.7,87.2
2021-07-26,57.9,88.2
2021-07-27,57.3,88.8
2021-07-28,57.9,88.4
2021-07-29,61.5,88.2
2021-07-30,58.2,87.4
2021-08-02,58.4,86.8
2021-08-03,61.5,87.4
2021-08-04,56.4,84.0
2021-08-05,59.8,84.0
2021-08-06,63.1,84.4
2021-08-09,61.5,84.0
2021-08-10,64.9,84.6
2021-08-11,68.2,86.0
2021-08-12,70.0,85.2
2021-08-13,68.6,85.0
2021-08-16,68.8,84.2
2021-08-17,63.5,82.4
2021-08-18,57.6,80.3
2021-08-19,56.8,77.3
2021-08-20,60.6,78.1
2021-08-23,63.9,81.3
2021-08-24,67.5,82.8
2021-08-25,70.0,84.2
2021-08-26,65.5,81.3
2021-08-27,72.4,83.8
2021-08-30,72.0,82.6
2021-08-31,70.8,82.8
2021-09-01,69.8,82.2
2021-09-02,73.0,83.2
2021-09-03,70.0,81.9
2021-09-07,63.7,80.1
2021-09-08,63.1,78.5
2021-09-09,60.4,76.9
2021-09-10,54.6,75.1
2021-09-13,59.0,78.1
2021-09-14,53.1,75.3
2021-09-15,58.2,76.3
2021-09-16,55.4,75.1
2021-09-17,49.9,73.8
2021-09-20,36.5,69.0
2021-09-21,36.3,67.3
2021-09-22,42.8,71.4
2021-09-23,53.1,75.7
2021-09-24,51.3,75.9
2021-09-27,49.9,75.9
2021-09-28,36.9,71.2
2021-09-29,38.9,71.8
2021-09-30,29.0,65.7
2021-10-01,35.7,69.8
2021-10-04,31.6,69.4
2021-10-05,36.1,69.2
2021-10-06,38.9,71.0
2021-10-07,46.5,73.0
2021-10-08,44.6,70.2
2021-10-11,42.8,68.0
2021-10-12,41.0,67.1
2021-10-13,41.8,68.8
2021-10-14,55.0,75.5
2021-10-15,56.6,76.3
2021-10-18,55.0,73.6
2021-10-19,61.1,76.9
2021-10-20,64.7,78.1
2021-10-21,64.9,78.3
2021-10-22,66.1,78.7
2021-10-25,65.1,77.7
2021-10-26,65.5,77.7
2021-10-27,57.8,74.4
2021-10-28,64.3,76.7
2021-10-29,63.5,74.8
2021-11-01,66.7,77.7
2021-11-02,66.9,76.5
2021-11-03,72.8,78.9
2021-11-04,69.6,77.1
2021-11-05,74.4,79.1
2021-11-08,74.6,78.7
2021-11-09,74.2,78.9
2021-11-10,73.8,78.7
2021-11-11,74.0,78.1
2021-11-12,76.3,78.1
2021-11-15,76.1,78.7
2021-11-16,76.5,77.5
2021-11-17,73.2,76.1
2021-11-18,68.4,75.1
2021-11-19,64.1,74.0
2021-11-22,64.9,74.8
2021-11-23,69.8,75.7
2021-11-24,69.8,74.8
2021-11-26,56.2,68.6
2021-11-29,60.6,69.4
2021-11-30,42.8,60.9
2021-12-01,33.9,56.6
2021-12-02,49.7,64.3
2021-12-03,46.2,63.3
2021-12-06,56.6,69.2
2021-12-07,67.3,72.0
2021-12-08,68.8,73.0
2021-12-09,63.1,72.0
2021-12-10,64.3,73.0
2021-12-13,60.2,71.4
2021-12-14,55.6,70.4
2021-12-15,60.2,71.8
2021-12-16,59.8,71.4
2021-12-17,55.4,67.5
2021-12-20,47.3,62.5
2021-12-21,58.0,69.0
2021-12-22,62.1,69.0
2021-12-23,66.1,71.8
2021-12-27,72.6,75.3
2021-12-28,73.0,75.7
2021-12-29,72.8,76.5
2021-12-30,72.2,76.3
2021-12-31,71.0,76.5
2022-01-03,75.3,77.1
2022-01-04,77.5,77.9
2022-01-05,68.0,74.0
2022-01-06,66.5,72.6
2022-01-07,65.1,73.4
2022-01-10,62.7,71.8
2022-01-11,65.1,73.6
2022-01-12,66.1,74.4
2022-01-13,62.7,72.8
2022-01-14,58.6,69.6
2022-01-18,50.7,63.3
2022-01-19,43.7,60.3
2022-01-20,37.9,56.5
2022-01-21,32.2,54.0
2022-01-24,32.8,55.9
2022-01-25,30.8,49.6
2022-01-26,28.5,45.5
2022-01-27,27.3,42.1
2022-01-28,34.2,49.4
2022-01-31,38.7,55.3
2022-02-01,41.5,57.1
2022-02-02,45.7,60.3
2022-02-03,41.1,53.8
2022-02-04,40.9,52.4
2022-02-07,40.7,52.8
2022-02-08,42.5,56.5
2022-02-09,49.6,61.5
2022-02-10,42.3,55.5
2022-02-11,39.5,49.2
2022-02-14,34.8,46.6
2022-02-15,41.3,52.6
2022-02-16,42.7,54.3
2022-02-17,36.2,47.8
2022-02-18,35.0,47.2
2022-02-22,32.2,44.1
2022-02-23,27.7,38.5
2022-02-24,26.1,39.5
2022-02-25,38.7,49.6
2022-02-28,35.0,48.0
2022-03-01,27.5,40.5
2022-03-02,38.9,48.2
2022-03-03,37.9,47.6
2022-03-04,35.6,45.3
2022-03-07,30.0,36.6
2022-03-08,25.3,35.8
2022-03-09,29.1,40.5
2022-03-10,28.1,39.9
2022-03-11,26.3,37.9
2022-03-14,25.9,38.3
2022-03-15,31.2,41.7
2022-03-16,40.3,45.7
2022-03-17,44.7,49.4
2022-03-18,52.2,52.8
2022-03-21,49.6,51.4
2022-03-22,52.6,53.6
2022-03-23,45.5,49.2
2022-03-24,51.2,53.4
2022-03-25,55.1,54.3
2022-03-28,61.5,56.1
2022-03-29,71.3,62.3
2022-03-30,66.6,59.3
2022-03-31,59.1,54.5
2022-04-01,61.3,54.0
2022-04-04,62.1,54.3
2022-04-05,57.9,50.6
2022-04-06,54.5,50.0
2022-04-07,54.9,49.4
2022-04-08,54.7,48.8
2022-04-11,51.6,47.2
2022-04-12,50.4,46.6
2022-04-13,55.9,48.6
2022-04-14,53.6,48.0
2022-04-18,51.4,47.4
2022-04-19,59.9,49.8
2022-04-20,63.4,52.4
2022-04-21,56.5,49.6
2022-04-22,43.1,43.9
2022-04-25,42.7,45.1
2022-04-26,35.4,41.7
2022-04-27,37.7,42.7
2022-04-28,43.1,46.0
2022-04-29,29.6,37.2
2022-05-02,27.9,36.6
2022-05-03,30.0,38.5
2022-05-04,45.7,42.5
2022-05-05,31.6,36.8
2022-05-06,29.1,35.2
2022-05-09,21.7,31.4
2022-05-10,19.4,30.4
2022-05-11,18.2,29.6
2022-05-12,17.2,29.1
2022-05-13,23.1,33.0
2022-05-16,24.5,33.2
2022-05-17,32.8,35.4
2022-05-18,19.2,28.3
2022-05-19,17.2,27.7
2022-05-20,16.4,26.5
2022-05-23,22.1,29.4
2022-05-24,23.1,30.8
2022-05-25,25.5,31.0
2022-05-26,32.4,34.0
2022-05-27,47.8,38.3
2022-05-31,41.7,37.0
2022-06-01,36.2,34.2
2022-06-02,46.0,36.6
2022-06-03,38.3,34.4
2022-06-06,40.3,34.8
2022-06-07,47.0,38.5
2022-06-08,33.4,34.4
2022-06-09,22.3,28.9
2022-06-10,12.8,25.9
2022-06-13,5.1,19.2
2022-06-14,5.3,17.2
2022-06-15,5.9,18.2
2022-06-16,2.4,13.4
2022-06-17,2.0,12.3
2022-06-21,5.5,17.2
2022-06-22,5.7,16.6
2022-06-23,8.7,18.4
2022-06-24,16.4,23.1
2022-06-27,15.6,24.1
2022-06-28,10.7,22.3
2022-06-29,12.3,22.3
2022-06-30,12.1,21.7
2022-07-01,19.0,24.7
2022-07-05,17.6,20.9
2022-07-06,20.4,20.4
2022-07-07,24.7,22.3
2022-07-08,24.1,22.1
2022-07-11,21.7,21.3
2022-07-12,17.2,20.4
2022-07-13,17.2,19.2
2022-07-14,16.4,18.4
2022-07-15,24.1,19.4
2022-07-18,19.2,17.4
2022-07-19,37.0,21.3
2022-07-20,44.9,20.9
2022-07-21,53.8,22.9
2022-07-22,49.6,22.5
2022-07-25,53.4,25.7
2022-07-26,49.4,24.1
2022-07-27,61.5,28.1
2022-07-28,73.3,34.8
2022-07-29,77.3,37.4
2022-08-01,77.1,36.8
2022-08-02,73.9,34.0
2022-08-03,77.1,38.5
2022-08-04,74.7,38.3
2022-08-05,75.1,38.3
2022-08-08,76.1,39.5
2022-08-09,75.5,36.4
2022-08-10,83.0,44.1
2022-08-11,83.6,44.9
2022-08-12,90.5,51.2
2022-08-15,90.7,51.6
2022-08-16,91.1,54.0
2022-08-17,89.7,51.0
2022-08-18,90.1,52.8
2022-08-19,86.4,47.6
2022-08-22,75.5,39.9
2022-08-23,75.5,40.1
2022-08-24,78.3,40.9
2022-08-25,85.6,45.5
2022-08-26,67.4,37.2
2022-08-29,61.7,35.8
2022-08-30,56.3,32.2
2022-08-31,52.6,30.8
2022-09-01,53.2,31.8
2022-09-02,47.8,29.1
2022-09-06,46.8,29.4
2022-09-07,60.1,35.8
2022-09-08,64.8,37.9
2022-09-09,74.7,42.5
2022-09-12,79.1,44.1
2022-09-13,50.4,34.2
2022-09-14,47.8,33.8
2022-09-15,42.7,31.6
2022-09-16,35.4,29.6
2022-09-19,41.9,31.0
2022-09-20,32.2,28.3
2022-09-21,21.9,25.3
2022-09-22,16.6,21.3
2022-09-23,8.9,16.4
2022-09-26,5.9,13.4
2022-09-27,5.7,12.3
2022-09-28,13.6,16.8
2022-09-29,8.5,14.2
2022-09-30,6.7,13.0
2022-10-03,13.8,17.2
2022-10-04,28.5,24.3
2022-10-05,28.1,24.5
2022-10-06,23.9,22.1
2022-10-07,15.4,18.2
2022-10-10,15.0,17.6
2022-10-11,15.2,17.8
2022-10-12,12.6,17.4
2022-10-13,18.6,19.8
2022-10-14,12.3,16.4
2022-10-17,18.6,20.2
2022-10-18,23.9,22.9
2022-10-19,21.3,21.3
2022-10-20,17.8,19.4
2022-10-21,28.7,24.1
2022-10-24,33.6,26.3
2022-10-25,42.5,31.4
2022-10-26,44.3,33.4
2022-10-27,45.7,34.4
2022-10-28,58.7,40.7
2022-10-31,54.9,39.7
2022-11-01,57.1,39.9
2022-11-02,45.5,36.4
2022-11-03,44.9,35.4
2022-11-04,53.8,39.1
2022-11-07,57.7,42.9
2022-11-08,60.9,43.9
2022-11-09,54.0,40.3
2022-11-10,77.9,55.9
2022-11-11,79.1,57.7
2022-11-14,75.9,54.5
2022-11-15,79.1,57.3
2022-11-16,76.7,55.5
2022-11-17,74.9,53.6
2022-11-18,80.8,58.1
2022-11-21,80.2,58.3
2022-11-22,83.4,60.9
2022-11-23,85.8,63.8
2022-11-25,86.4,65.0
2022-11-28,82.4,59.9
2022-11-29,83.2,59.7
2022-11-30,89.1,66.6
2022-12-01,88.5,67.2
2022-12-02,87.2,65.6
2022-12-05,82.0,60.5
2022-12-06,78.3,58.7
2022-12-07,77.5,57.9
2022-12-08,80.8,59.3
2022-12-09,78.5,58.1
2022-12-12,83.2,62.6
2022-12-13,82.6,66.0
2022-12-14,80.6,63.2
2022-12-15,71.5,54.3
2022-12-16,66.1,51.3
2022-12-19,60.2,49.1
2022-12-20,60.8,49.5
2022-12-21,67.3,53.5
2022-12-22,59.0,51.7
2022-12-23,62.4,53.5
2022-12-27,61.2,54.3
2022-12-28,52.9,50.7
2022-12-29,63.8,54.7
2022-12-30,59.4,52.1
2023-01-03,57.0,52.1
2023-01-04,64.2,55.2
2023-01-05,55.8,51.9
2023-01-06,69.1,58.4
2023-01-09,67.1,58.8
2023-01-10,67.9,61.6
2023-01-11,75.6,65.3
2023-01-12,76.0,67.9
2023-01-13,77.4,66.9
2023-01-17,76.8,66.5
2023-01-18,63.4,60.2
2023-01-19,54.5,58.8
2023-01-20,65.3,63.4
2023-01-23,71.9,67.1
2023-01-24,70.7,66.3
2023-01-25,71.1,66.5
2023-01-26,73.7,67.7
2023-01-27,72.9,69.1
2023-01-30,67.5,67.3
2023-01-31,76.6,73.3
2023-02-01,78.6,74.7
2023-02-02,77.0,80.0
2023-02-03,70.9,74.3
2023-02-06,70.1,72.1
2023-02-07,72.9,74.5
2023-02-08,69.1,71.9
2023-02-09,63.8,69.5
2023-02-10,66.1,71.7
2023-02-13,72.3,73.1
2023-02-14,69.7,73.3
2023-02-15,70.5,74.7
2023-02-16,64.8,72.1
2023-02-17,65.9,71.7
2023-02-21,53.9,66.1
2023-02-22,52.3,65.3
2023-02-23,53.9,66.1
2023-02-24,49.1,61.4
2023-02-27,49.9,61.4
2023-02-28,46.5,59.6
2023-03-01,44.6,58.2
2023-03-02,48.5,61.2
2023-03-03,57.2,66.9
2023-03-06,57.0,64.8
2023-03-07,44.2,59.6
2023-03-08,46.3,60.0
2023-03-09,33.7,51.7
2023-03-10,23.8,46.1
2023-03-13,22.6,43.4
2023-03-14,31.1,48.1
2023-03-15,26.5,43.2
2023-03-16,30.9,47.5
2023-03-17,24.8,41.8
2023-03-20,30.9,48.9
2023-03-21,34.7,52.1
2023-03-22,25.3,45.3
2023-03-23,24.6,43.6
2023-03-24,28.3,45.3
2023-03-27,29.1,48.1
2023-03-28,30.3,49.3
2023-03-29,38.2,55.4
2023-03-30,41.0,57.2
2023-03-31,51.3,62.2
2023-04-03,54.1,63.2
2023-04-04,46.5,60.6
2023-04-05,45.5,60.2
2023-04-06,44.8,59.8
2023-04-10,49.7,61.0
2023-04-11,52.1,64.2
2023-04-12,50.7,63.0
2023-04-13,56.2,66.1
2023-04-14,53.1,63.2
2023-04-17,57.0,65.1
2023-04-18,58.4,65.3
2023-04-19,57.8,65.9
2023-04-20,53.9,62.8
2023-04-21,52.9,62.0
2023-04-24,54.3,62.2
2023-04-25,43.6,55.6
2023-04-26,37.4,50.7
2023-04-27,49.5,56.6
2023-04-28,54.7,62.0
2023-05-01,53.9,59.6
2023-05-02,46.5,53.9
2023-05-03,43.4,50.1
2023-05-04,42.5,49.4
2023-05-05,52.6,54.8
2023-05-08,52.0,54.6
2023-05-09,49.4,52.6
2023-05-10,49.6,54.2
2023-05-11,49.2,51.8
2023-05-12,50.0,52.4
2023-05-15,50.8,52.8
2023-05-16,43.3,47.6
2023-05-17,49.0,51.0
2023-05-18,51.8,54.6
2023-05-19,52.2,53.4
2023-05-22,52.2,54.2
2023-05-23,44.2,50.8
2023-05-24,36.5,47.8
2023-05-25,37.1,45.8
2023-05-26,41.7,48.0
2023-05-30,40.1,47.4
2023-05-31,37.1,45.2
2023-06-01,42.5,48.0
2023-06-02,60.3,58.3
2023-06-05,56.0,56.7
2023-06-06,59.5,58.5
2023-06-07,65.9,60.9
2023-06-08,66.1,62.1
2023-06-09,64.7,61.5
2023-06-12,66.3,62.1
2023-06-13,69.8,64.7
2023-06-14,67.9,63.3
2023-06-15,72.0,69.8
2023-06-16,74.2,69.4
2023-06-20,67.3,65.1
2023-06-21,68.3,65.7
2023-06-22,64.1,63.3
2023-06-23,58.1,60.1
2023-06-26,61.5,62.7
2023-06-27,67.3,65.5
2023-06-28,66.7,63.7
2023-06-29,70.6,68.3
2023-06-30,74.4,69.6
2023-07-03,76.8,71.8
2023-07-05,77.6,71.4
2023-07-06,72.2,68.1
2023-07-07,71.6,67.9
2023-07-10,74.8,70.8
2023-07-11,80.4,74.4
2023-07-12,82.3,76.2
2023-07-13,84.7,76.8
2023-07-14,82.9,74.0
2023-07-17,80.6,73.6
2023-07-18,80.4,74.0
2023-07-19,83.7,77.0
2023-07-20,88.1,78.0
2023-07-21,89.1,78.8
2023-07-24,90.5,79.2
2023-07-25,89.7,79.2
2023-07-26,87.7,79.0
2023-07-27,83.5,76.8
2023-07-28,85.1,76.8
2023-07-31,84.7,77.6
2023-08-01,82.5,75.6
2023-08-02,77.4,74.6
2023-08-03,71.4,72.0
2023-08-04,67.3,68.5
2023-08-07,72.6,71.8
2023-08-08,67.3,69.4
2023-08-09,64.7,70.2
2023-08-10,64.3,67.9
2023-08-11,62.1,69.0
2023-08-14,62.3,68.5
2023-08-15,54.8,63.9
2023-08-16,49.8,61.5
2023-08-17,41.9,59.7
2023-08-18,43.5,59.7
2023-08-21,41.7,59.1
2023-08-22,38.5,56.2
2023-08-23,46.2,57.7
2023-08-24,37.7,56.5
2023-08-25,39.7,57.3
2023-08-28,42.7,59.1
2023-08-29,53.8,63.1
2023-08-30,55.2,63.7
2023-08-31,51.2,62.7
2023-09-01,53.8,64.3
2023-09-05,43.8,59.5
2023-09-06,41.7,58.9
2023-09-07,42.5,56.9
2023-09-08,41.5,56.9
2023-09-11,43.5,57.7
2023-09-12,42.3,57.7
2023-09-13,39.9,57.9
2023-09-14,47.6,61.9
2023-09-15,41.1,60.1
2023-09-18,40.7,59.1
2023-09-19,38.3,57.9
2023-09-20,36.7,57.3
2023-09-21,25.4,51.2
2023-09-22,24.4,49.8
2023-09-25,26.2,50.4
2023-09-26,18.1,45.6
2023-09-27,20.2,46.0
2023-09-28,23.6,47.2
2023-09-29,21.4,46.6
2023-10-02,18.1,45.6
2023-10-03,12.9,42.3
2023-10-04,14.1,43.5
2023-10-05,15.5,42.7
2023-10-06,20.5,44.3
2023-10-09,25.4,46.9
2023-10-10,27.8,49.7
2023-10-11,31.8,49.1
2023-10-12,27.6,46.5
2023-10-13,26.4,44.9
2023-10-16,33.2,48.1
2023-10-17,35.4,49.1
2023-10-18,27.8,44.5
2023-10-19,21.5,42.3
2023-10-20,15.9,37.4
2023-10-23,15.1,36.0
2023-10-24,17.9,37.0
2023-10-25,15.1,33.8
2023-10-26,15.5,33.0
2023-10-27,11.9,29.0
2023-10-30,15.7,32.6
2023-10-31,19.9,36.6
2023-11-01,25.2,39.4
2023-11-02,39.0,45.7
2023-11-03,48.3,49.1
2023-11-06,45.5,47.3
2023-11-07,46.1,46.1
2023-11-08,45.7,45.5
2023-11-09,40.4,43.5
2023-11-10,49.1,46.7
2023-11-13,47.3,46.9
2023-11-14,64.8,56.3
2023-11-15,68.0,56.9
2023-11-16,65.0,56.1
2023-11-17,67.4,58.8
2023-11-20,69.2,59.0
2023-11-21,69.0,59.2
2023-11-22,71.8,61.2
2023-11-24,74.8,63.2
2023-11-27,73.4,61.8
2023-11-28,73.8,62.4
2023-11-29,73.2,64.4
2023-11-30,77.3,65.6
2023-12-01,82.3,72.0
2023-12-04,83.3,71.6
2023-12-05,80.5,67.4
2023-12-06,80.7,68.0
2023-12-07,81.3,69.0
2023-12-08,82.3,71.2
2023-12-11,85.9,73.0
2023-12-12,84.5,72.0
2023-12-13,88.9,78.7
2023-12-14,88.3,81.1
2023-12-15,87.7,77.5
2023-12-18,89.3,78.3
2023-12-19,90.7,81.9
2023-12-20,86.3,75.9
2023-12-21,88.3,78.5
2023-12-22,89.7,79.1
2023-12-26,90.7,80.7
2023-12-27,90.7,80.9
2023-12-28,90.3,81.9
2023-12-29,89.5,81.9
2024-01-02,90.9,82.9
2024-01-03,89.7,80.9
2024-01-04,87.7,79.9
2024-01-05,86.9,80.7
2024-01-08,90.3,81.1
2024-01-09,88.9,80.3
2024-01-10,88.7,80.5
2024-01-11,86.9,79.1
2024-01-12,86.9,79.3
2024-01-16,84.1,77.3
2024-01-17,81.5,73.8
2024-01-18,80.7,74.8
2024-01-19,80.3,74.8
2024-01-22,80.7,75.1
2024-01-23,82.3,74.8
2024-01-24,78.9,73.4
2024-01-25,81.3,75.7
2024-01-26,81.9,76.7
2024-01-29,82.9,78.5
2024-01-30,81.9,77.7
2024-01-31,74.6,74.8
2024-02-01,80.1,79.7
2024-02-02,74.0,74.8
2024-02-05,65.2,72.0
2024-02-06,70.8,74.6
2024-02-07,70.6,75.1
2024-02-08,71.2,74.0
2024-02-09,70.2,74.2
2024-02-12,73.0,75.9
2024-02-13,61.8,71.2
2024-02-14,66.8,73.6
2024-02-15,72.8,76.1
2024-02-16,69.0,74.2
2024-02-20,66.8,74.2
2024-02-21,69.8,77.7
2024-02-22,71.8,78.7
2024-02-23,73.6,79.5
2024-02-26,66.4,76.7
2024-02-27,69.2,77.7
2024-02-28,68.8,77.1
2024-02-29,71.4,79.9
2024-03-01,71.8,79.3
2024-03-04,75.9,79.7
2024-03-05,72.6,78.3
2024-03-06,75.9,80.1
2024-03-07,78.9,81.9
2024-03-08,79.5,82.5
2024-03-11,81.1,84.5
2024-03-12,79.7,83.5
2024-03-13,80.7,83.5
2024-03-14,75.1,81.7
2024-03-15,73.8,80.9
2024-03-18,74.0,81.7
2024-03-19,75.7,83.3
2024-03-20,79.5,83.7
2024-03-21,80.7,84.1
2024-03-22,76.5,82.9
2024-03-25,76.9,82.3
2024-03-26,74.5,80.9
2024-03-27,83.8,86.4
2024-03-28,85.4,87.6
2024-04-01,83.2,86.0
2024-04-02,77.6,84.8
2024-04-03,77.0,82.8
2024-04-04,72.1,81.4
2024-04-05,74.5,81.6
2024-04-08,76.8,82.6
2024-04-09,78.4,85.4
2024-04-10,66.7,79.4
2024-04-11,65.5,78.8
2024-04-12,52.9,74.7
2024-04-15,43.9,72.9
2024-04-16,39.3,71.5
2024-04-17,39.1,72.1
2024-04-18,40.7,71.9
2024-04-19,44.1,73.7
2024-04-22,47.3,77.6
2024-04-23,50.9,79.2
2024-04-24,51.3,79.2
2024-04-25,49.5,78.6
2024-04-26,50.1,77.6
2024-04-29,53.9,79.6
2024-04-30,45.5,75.6
2024-05-01,44.7,73.7
2024-05-02,46.5,75.6
2024-05-03,50.3,76.8
2024-05-06,57.3,78.2
2024-05-07,57.5,79.4
2024-05-08,56.3,78.6
2024-05-09,60.5,80.8
2024-05-10,60.3,81.8
2024-05-13,61.1,81.4
2024-05-14,63.7,82.0
2024-05-15,68.1,82.4
2024-05-16,66.7,83.0
2024-05-17,67.5,83.6
2024-05-20,66.1,83.4
2024-05-21,64.5,82.2
2024-05-22,61.5,81.4
2024-05-23,51.3,76.6
2024-05-24,54.5,77.0
2024-05-28,48.1,74.1
2024-05-29,41.7,70.5
2024-05-30,46.1,71.3
2024-05-31,54.1,75.2
2024-06-03,52.1,75.2
2024-06-04,50.9,74.3
2024-06-05,54.1,74.3
2024-06-06,53.3,73.5
2024-06-07,51.9,72.1
2024-06-10,52.9,72.7
2024-06-11,48.7,71.7
2024-06-12,51.1,72.7
2024-06-13,49.9,72.5
2024-06-14,47.3,71.1
2024-06-17,49.3,72.3
2024-06-18,51.1,72.7
2024-06-20,54.7,73.5
2024-06-21,55.3,74.9
2024-06-24,60.1,75.4
2024-06-25,52.1,73.7
2024-06-26,49.9,71.7
2024-06-27,52.5,72.1
2024-06-28,51.9,73.1
2024-07-01,46.3,70.5
2024-07-02,49.3,70.1
2024-07-03,48.9,69.9
2024-07-05,49.9,69.3
2024-07-08,50.7,69.1
2024-07-09,49.5,68.1
2024-07-10,55.7,71.1
2024-07-11,65.1,74.1
2024-07-12,72.1,77.8
2024-07-15,70.1,77.8
2024-07-16,78.2,81.6
2024-07-17,76.4,82.4
2024-07-18,71.9,79.8
2024-07-19,66.1,77.6
2024-07-22,71.1,78.8
2024-07-23,68.7,76.2
2024-07-24,61.5,75.4
2024-07-25,62.7,75.8
2024-07-26,69.5,80.0
2024-07-29,69.5,79.0
2024-07-30,68.7,80.0
2024-07-31,71.7,81.8
2024-08-01,62.3,77.0
2024-08-02,54.3,70.9
2024-08-05,42.9,64.5
2024-08-06,48.7,66.9
2024-08-07,44.7,64.1
2024-08-08,54.1,70.5
2024-08-09,57.9,70.3
2024-08-12,53.1,67.9
2024-08-13,60.1,71.5
2024-08-14,60.3,70.7
2024-08-15,67.1,75.4
2024-08-16,69.5,76.0
2024-08-19,73.3,77.8
2024-08-20,70.7,76.6
2024-08-21,74.7,79.4
2024-08-22,73.3,77.6
2024-08-23,79.2,80.0
2024-08-26,77.0,80.4
2024-08-27,76.6,79.8
2024-08-28,76.8,78.6
2024-08-29,78.2,79.4
2024-08-30,80.8,81.6
2024-09-03,71.5,77.8
2024-09-04,71.1,76.6
2024-09-05,67.3,73.7
2024-09-06,59.7,70.5
2024-09-09,65.7,73.9
2024-09-10,64.1,73.1
2024-09-11,66.5,73.5
2024-09-12,70.7,74.9
2024-09-13,75.4,77.0
2024-09-16,77.4,77.2
2024-09-17,79.4,78.6
2024-09-18,77.0,78.2
2024-09-19,84.2,81.8
2024-09-20,81.0,78.8
2024-09-23,82.0,79.6
2024-09-24,81.4,80.4
2024-09-25,77.4,77.6
2024-09-26,84.0,81.2
2024-09-27,83.6,83.4
2024-09-30,83.4,82.8
2024-10-01,79.6,79.8
2024-10-02,78.0,79.6
2024-10-03,75.2,77.8
2024-10-04,77.0,79.8
2024-10-07,72.3,76.8
2024-10-08,74.7,76.4
2024-10-09,78.0,78.6
2024-10-10,73.3,77.8
2024-10-11,80.2,80.2
2024-10-14,84.0,82.6
2024-10-15,81.8,81.4
2024-10-16,82.2,82.4
2024-10-17,79.4,81.4
2024-10-18,80.8,82.2
2024-10-21,77.0,80.4
2024-10-22,72.1,78.8
2024-10-23,70.9,77.2
2024-10-24,68.9,76.0
2024-10-25,66.1,74.9
2024-10-28,67.9,76.6
2024-10-29,62.7,75.6
2024-10-30,61.3,74.5
2024-10-31,53.9,71.9
2024-11-01,54.7,72.5
2024-11-04,55.9,73.7
2024-11-05,60.5,74.9
2024-11-06,66.3,77.4
2024-11-07,67.9,77.2
2024-11-08,69.3,77.2
2024-11-11,68.3,76.6
2024-11-12,65.5,74.9
2024-11-13,66.1,74.9
2024-11-14,63.7,74.9
2024-11-15,59.9,71.5
2024-11-18,61.7,73.1
2024-11-19,59.5,72.3
2024-11-20,61.1,72.7
2024-11-21,66.7,74.5
2024-11-22,67.7,75.6
2024-11-25,72.9,79.2
2024-11-26,72.9,78.2
2024-11-27,73.3,78.8
2024-11-29,75.2,78.8
2024-12-02,71.1,79.2
2024-12-03,68.1,77.6
2024-12-04,67.5,77.2
2024-12-05,63.7,75.8
2024-12-06,62.5,75.4
2024-12-09,63.3,75.6
2024-12-10,58.1,72.7
2024-12-11,55.7,71.3
2024-12-12,54.7,70.9
2024-12-13,52.9,70.3
2024-12-16,50.3,67.5
2024-12-17,46.5,66.9
2024-12-18,28.3,59.1
2024-12-19,28.7,58.7
2024-12-20,35.9,60.9
2024-12-23,34.1,61.1
2024-12-24,38.3,62.5
2024-12-26,38.1,62.5
2024-12-27,33.1,61.9
2024-12-30,27.3,59.9
2024-12-31,25.9,60.1
2025-01-02,24.6,58.9
2025-01-03,31.1,59.7
2025-01-06,29.1,58.7
2025-01-07,28.9,57.7
2025-01-08,29.5,59.1
2025-01-10,21.8,54.7
2025-01-13,24.4,57.3
2025-01-14,29.9,60.9
2025-01-15,36.3,61.3
2025-01-16,43.1,63.9
2025-01-17,46.9,63.9
2025-01-21,56.1,66.3
2025-01-22,52.3,65.1
2025-01-23,56.3,65.1
2025-01-24,54.5,65.1
2025-01-27,60.3,69.1
2025-01-28,52.9,67.3
2025-01-29,51.5,65.1
2025-01-30,56.9,67.3
2025-01-31,51.3,65.7
2025-02-03,48.1,64.3
2025-02-04,47.7,64.1
2025-02-05,52.5,65.1
2025-02-06,52.9,63.5
2025-02-07,48.3,62.9
2025-02-10,51.5,63.3
2025-02-11,52.7,63.9
2025-02-12,47.9,61.7
2025-02-13,53.0,63.6
2025-02-14,50.8,63.0
2025-02-18,55.8,64.4
2025-02-19,57.0,65.6
2025-02-20,56.4,64.8
2025-02-21,50.8,61.8
2025-02-24,51.2,62.2
2025-02-25,51.6,62.8
2025-02-26,50.2,61.6
2025-02-27,46.4,59.8
2025-02-28,51.6,61.8
2025-03-03,46.8,59.2
2025-03-04,39.8,52.4
2025-03-05,44.0,55.4
2025-03-06,39.8,51.0
2025-03-07,44.6,54.2
2025-03-10,40.6,47.4
2025-03-11,33.6,42.6
2025-03-12,29.8,40.8
2025-03-13,27.2,36.6
2025-03-14,34.8,41.8
2025-03-17,39.8,47.2
2025-03-18,38.2,44.8
2025-03-19,40.2,47.6
2025-03-20,39.4,46.4
2025-03-21,35.6,44.0
2025-03-24,42.0,50.8
2025-03-25,42.4,50.4
2025-03-26,41.8,49.8
2025-03-27,41.6,47.6
2025-03-28,35.2,42.8
2025-03-31,40.2,45.0
2025-04-01,41.6,45.4
2025-04-02,44.2,49.6
2025-04-03,30.4,37.0
2025-04-04,14.0,23.0
2025-04-07,9.2,19.8
2025-04-08,7.4,18.6
2025-04-09,19.2,31.6
2025-04-10,16.8,26.6
2025-04-11,19.6,29.2
2025-04-14,25.8,32.2
2025-04-15,25.0,31.8
2025-04-16,21.8,29.4
2025-04-17,24.2,31.8
2025-04-21,16.4,26.2
2025-04-22,24.4,30.8
2025-04-23,26.4,31.2
2025-04-24,31.6,34.8
2025-04-25,30.6,35.8
2025-04-28,31.8,36.0
2025-04-29,36.8,37.6
2025-04-30,38.2,37.6
2025-05-01,38.2,39.2
2025-05-02,50.0,45.0
2025-05-05,48.8,44.4
2025-05-06,46.2,41.6
2025-05-07,51.6,45.0
2025-05-08,57.0,45.8
2025-05-09,57.6,45.4
2025-05-12,70.8,54.6
2025-05-13,69.0,54.6
2025-05-14,63.8,53.6
2025-05-15,71.8,57.6
2025-05-16,77.8,60.6
2025-05-19,77.4,59.2
2025-05-20,77.4,58.0
2025-05-21,65.4,51.8
2025-05-22,61.0,51.4
2025-05-23,62.6,48.4
2025-05-27,71.6,54.6
2025-05-28,65.6,51.6
2025-05-29,68.4,52.2
2025-05-30,69.6,53.2
2025-06-02,69.4,52.8
2025-06-03,71.8,53.4
2025-06-04,70.8,53.0
2025-06-05,67.4,51.0
2025-06-06,72.0,54.2
2025-06-09,72.6,54.2
2025-06-10,78.6,56.4
2025-06-11,75.6,55.0
2025-06-12,79.2,55.8
2025-06-13,70.6,52.0
2025-06-16,75.4,55.4
2025-06-17,66.8,51.6
2025-06-18,67.2,50.8
2025-06-20,68.8,51.6
2025-06-23,74.4,54.8
2025-06-24,78.0,56.8
2025-06-25,72.2,53.0
2025-06-26,75.0,57.2
2025-06-27,77.6,58.2
2025-06-30,80.2,59.6
2025-07-01,84.8,64.0
2025-07-02,80.4,65.4
2025-07-03,83.0,66.8
2025-07-07,79.0,63.4
2025-07-08,77.8,64.6
2025-07-09,78.2,65.6
2025-07-10,78.4,67.0
2025-07-11,73.4,65.6
2025-07-14,75.6,64.4
2025-07-15,68.0,60.0
2025-07-16,70.0,62.2
2025-07-17,72.8,63.4
2025-07-18,72.6,63.6
2025-07-21,69.2,63.0
2025-07-22,77.2,69.2
2025-07-23,78.0,70.4
2025-07-24,75.4,69.0
2025-07-25,76.8,70.0
2025-07-28,72.0,67.0
2025-07-29,70.4,67.2
2025-07-30,66.2,64.0
2025-07-31,61.0,61.0
2025-08-01,53.6,58.2
2025-08-04,59.6,61.8
2025-08-05,58.6,60.0
2025-08-06,55.4,59.4
2025-08-07,58.4,59.6
2025-08-08,59.8,61.2
2025-08-11,58.6,60.4
2025-08-12,64.2,63.2
2025-08-13,69.4,68.4
2025-08-14,67.6,65.4
2025-08-15,64.4,64.6
2025-08-18,63.6,63.8
2025-08-19,66.0,67.2
2025-08-20,67.4,67.2
2025-08-21,64.6,66.6
2025-08-22,73.2,72.8
2025-08-25,67.2,69.2
2025-08-26,67.4,69.6
2025-08-27,67.6,70.2
2025-08-28,67.6,69.4
2025-08-29,66.0,69.6
2025-09-02,61.6,68.0
2025-09-03,60.6,67.6
2025-09-04,63.6,69.2
2025-09-05,62.8,69.0
2025-09-08,64.4,67.4
2025-09-09,63.6,66.2
2025-09-10,63.0,65.6
2025-09-11,67.6,70.2
2025-09-12,64.0,68.2
2025-09-15,61.4,65.8
2025-09-16,56.4,65.2
2025-09-17,57.8,65.0
2025-09-18,59.2,65.2
2025-09-19,59.4,65.4
2025-09-22,59.2,65.8
2025-09-23,60.8,65.8
2025-09-24,59.0,65.6
2025-09-25,53.8,63.8
2025-09-26,59.0,66.0
2025-09-29,59.4,67.0
2025-09-30,61.4,68.0
2025-10-01,60.2,68.6
2025-10-02,59.8,68.0
2025-10-03,61.0,68.8
2025-10-06,60.8,67.6
2025-10-07,57.8,67.6
2025-10-08,57.8,67.0
2025-10-09,53.6,65.6
2025-10-10,41.2,58.4
2025-10-13,46.4,62.4
2025-10-14,53.0,65.8
2025-10-15,51.0,64.2
2025-10-16,44.4,60.6
2025-10-17,48.8,62.8
2025-10-20,54.6,65.6
2025-10-21,57.6,67.2
2025-10-22,53.8,67.2
2025-10-23,55.8,68.0
2025-10-24,56.2,66.2
2025-10-27,58.9,66.1
2025-10-28,51.5,63.3
2025-10-29,45.1,57.3
2025-10-30,43.5,57.3
2025-10-31,44.1,57.5
2025-11-03,41.3,56.7
2025-11-04,41.3,57.3
2025-11-05,42.9,56.5
2025-11-06,40.9,54.3
2025-11-07,44.7,57.5
2025-11-10,47.3,57.9
2025-11-11,51.7,60.7
2025-11-12,52.6,60.6
2025-11-13,45.9,59.5
2025-11-14,44.7,59.5
2025-11-17,39.3,55.3
2025-11-18,38.1,56.1
2025-11-19,38.7,54.9
2025-11-20,33.7,51.9
2025-11-21,40.7,56.9
2025-11-24,43.7,56.9
2025-11-25,52.1,61.1
2025-11-26,57.5,61.5
2025-11-28,58.7,62.7
2025-12-01,55.1,61.3
2025-12-02,51.5,59.7
2025-12-03,53.5,62.5
2025-12-04,55.5,61.9
2025-12-05,56.5,63.7
2025-12-08,52.1,60.9
2025-12-09,50.7,59.5
2025-12-10,54.3,61.1
2025-12-11,60.9,64.5
2025-12-12,57.1,64.5
2025-12-15,60.9,64.5
2025-12-16,56.1,62.9
2025-12-17,55.9,62.9
2025-12-18,57.1,63.5
2025-12-19,56.5,61.9
2025-12-22,60.1,63.7
2025-12-23,60.9,62.7
2025-12-24,61.9,63.9
2025-12-26,62.3,63.9
2025-12-29,62.9,64.5
2025-12-30,62.3,64.5
2025-12-31,57.9,61.1
2026-01-02,60.3,61.7
2026-01-05,63.1,63.3
2026-01-06,66.7,65.7
2026-01-07,60.1,62.9
2026-01-08,67.1,66.3
2026-01-09,69.3,68.5
2026-01-12,69.3,67.9
2026-01-13,67.1,67.3
2026-01-14,70.9,69.9
2026-01-15,72.5,71.5
2026-01-16,71.5,70.1
2026-01-20,64.1,66.3
2026-01-21,70.9,70.1
2026-01-22,68.7,69.9
2026-01-23,69.3,69.7
2026-01-26,70.9,70.1
2026-01-27,68.9,68.5
2026-01-28,65.3,67.9
2026-01-29,66.1,68.1
2026-01-30,68.1,68.1
2026-02-02,68.7,66.7
2026-02-03,65.1,65.7
2026-02-04,68.1,69.5
2026-02-05,65.7,67.9
2026-02-06,69.1,69.3
2026-02-09,68.9,69.5
2026-02-10,70.7,69.7
2026-02-11,68.7,69.9
2026-02-12,62.9,66.9
2026-02-13,65.9,67.7
2026-02-17,65.5,66.5
2026-02-18,67.1,68.7
2026-02-19,66.3,67.3
2026-02-20,68.1,68.1
2026-02-23,63.3,66.5
2026-02-24,63.9,67.1
2026-02-25,64.5,66.1
2026-02-26,67.5,67.9
2026-02-27,64.3,68.3
2026-03-02,63.5,68.1
2026-03-03,58.7,63.7
2026-03-04,59.1,63.3
2026-03-05,54.7,60.9
2026-03-06,48.3,57.9
2026-03-09,49.7,58.3
2026-03-10,44.3,55.7
2026-03-11,43.5,54.5
2026-03-12,35.7,51.5
2026-03-13,34.3,50.9
2026-03-16,38.1,52.5
2026-03-17,38.7,52.3
2026-03-18,32.1,49.7
2026-03-19,31.5,49.3
2026-03-20,25.1,46.3
2026-03-23,28.9,49.3
2026-03-24,28.5,49.5
2026-03-25,31.7,49.5
2026-03-26,27.7,48.3
2026-03-27,25.1,44.5
2026-03-30,23.2,45.3
2026-03-31,28.7,49.1
2026-04-01,31.7,49.5
2026-04-02,33.5,49.7
2026-04-06,36.3,49.5
2026-04-07,34.7,50.1
2026-04-08,48.9,56.1
2026-04-09,50.5,57.5
2026-04-10,44.7,54.3
2026-04-13,49.3,57.3
2026-04-14,51.1,58.1
2026-04-15,52.1,56.7
2026-04-16,53.7,56.9
2026-04-17,60.9,62.1
2026-04-20,61.5,61.1
2026-04-21,57.9,58.5
2026-04-22,53.7,58.7
2026-04-23,55.7,58.9
2026-04-24,52.9,57.5
2026-04-27,51.3,57.3
2026-04-28,51.5,57.9
2026-04-29,49.3,56.7
2026-04-30,55.3,58.7
2026-05-01,54.9,58.5
2026-05-04,50.7,55.7
2026-05-05,53.1,56.3
2026-05-06,53.7,58.3
2026-05-07,51.7,57.5
2026-05-08,49.5,56.3
2026-05-11,47.5,55.5
2026-05-12,48.5,56.3
2026-05-13,45.1,55.3
2026-05-14,46.9,55.9
2026-05-15,43.1,53.1
2026-05-18,48.9,56.9
2026-05-19,47.1,54.9
2026-05-20,51.1,57.3
2026-05-21,52.1,58.1
2026-05-22,56.3,59.9
2026-05-26,56.7,60.1
2026-05-27,56.0,59.2
2026-05-28,56.0,60.4
2026-05-29,55.6,59.6
2026-06-01,53.2,55.8
2026-06-02,53.4,56.4
2026-06-03,50.8,56.4
2026-06-04,56.4,59.2
2026-06-05,59.0,59.8
2026-06-08,54.8,58.4
2026-06-09,60.6,61.4
2026-06-10,55.0,59.8
2026-06-11,60.4,61.4
2026-06-12,62.9,62.0
2026-06-15,66.2,62.8
2026-06-16,66.0,64.2
2026-06-17,57.7,61.6
2026-06-18,57.5,61.0
2026-06-22,56.9,60.4
2026-06-23,59.4,61.8
2026-06-24,62.8,63.6
2026-06-25,64.0,62.6
2026-06-26,65.8,64.8
2026-06-29,64.4,63.0
2026-06-30,63.0,61.8
2026-07-01,63.0,63.6
2026-07-02,66.4,67.4
2026-07-06,66.4,67.4
2026-07-07,68.2,67.6
2026-07-08,61.6,64.4
2026-07-09,64.0,64.8
2026-07-10,66.8,67.2
2026-07-13,64.2,67.6
2026-07-14,62.6,66.4
2026-07-15,63.0,66.8
2026-07-16,66.8,70.6
2026-07-17,64.4,68.6
2026-07-20,61.4,66.2
2026-07-21,59.4,65.4
2026-07-22,63.2,66.2
2026-07-23,61.0,65.4
2026-07-24,66.6,66.4
2026-07-27,69.4,70.0
2026-07-28,71.0,72.0
2026-07-29,66.8,70.0
2026-07-30,64.8,69.2
2026-07-31,63.8,68.0
2026-08-03,66.6,70.0
2026-08-04,70.0,72.0
