ym,ECY
1881.0,-1.0488744813437083
1881.0833333333333,-1.1392839551264042
1881.1666666666667,-1.3123118077292342
1881.25,-0.7503501721981755
1881.3333333333333,-0.888108998627421
1881.4166666666667,-0.77324654335102
1881.5,-0.4047872140695685
1881.5833333333333,0.21436052233798353
1881.6666666666667,0.5564050621919746
1881.75,0.6724035747653734
1881.8333333333333,0.5069307365658436
1881.9166666666667,0.48775071089471045
1882.0,0.6063178135554369
1882.0833333333333,0.9174922369645379
1882.1666666666667,0.7978128065748568
1882.25,0.7498172735758778
1882.3333333333333,0.9991834775673065
1882.4166666666667,1.2729276253183244
1882.5,0.9093141918662707
1882.5833333333333,0.8044514050340748
1882.6666666666667,0.24137828797115776
1882.75,0.4945010915350101
1882.8333333333333,0.35008618493167637
1882.9166666666667,0.3181514310111641
1883.0,0.36494449665530615
1883.0833333333333,0.4730537555653114
1883.1666666666667,0.24952795648935377
1883.25,-0.027539500508169668
1883.3333333333333,0.15315856185122156
1883.4166666666667,-0.07597696898063999
1883.5,-0.2893784310230893
1883.5833333333333,0.021712055410358366
1883.6666666666667,-0.20348484115957077
1883.75,0.21206134844089508
1883.8333333333333,0.2632588189127032
1883.9166666666667,0.3570600132425897
1884.0,0.42286421889659725
1884.0833333333333,0.2565822726183317
1884.1666666666667,0.2969700846246606
1884.25,0.4344405478574259
1884.3333333333333,0.772107952616527
1884.4166666666667,1.333595913928627
1884.5,1.0776582875225413
1884.5833333333333,0.712640070692025
1884.6666666666667,0.7694843940038734
1884.75,0.9926540077895452
1884.8333333333333,0.8452660831066008
1884.9166666666667,0.6713915407826274
1885.0,0.8512315822483616
1885.0833333333333,0.8292950963367296
1885.1666666666667,0.4292613198831882
1885.25,0.573793747218472
1885.3333333333333,0.5144821410869277
1885.4166666666667,0.3211112584522599
1885.5,0.27569141791608104
1885.5833333333333,-0.16484217982207922
1885.6666666666667,-0.1797046066068106
1885.75,-0.5290783812508026
1885.8333333333333,-0.6273332459197555
1885.9166666666667,-0.11325526271279349
1886.0,-0.38685591279262743
1886.0833333333333,-0.5100824088172016
1886.1666666666667,-0.5816297274969718
1886.25,-0.6115746325158301
1886.3333333333333,-0.5358207123118977
1886.4166666666667,-0.7215438082054181
1886.5,-0.6163286740313335
1886.5833333333333,-0.5608130449167942
1886.6666666666667,-0.7953456270479276
1886.75,-1.1092002599045296
1886.8333333333333,-1.32473918810821
1886.9166666666667,-1.1670475276021288
1887.0,-0.9020288675654791
1887.0833333333333,-0.413997181161084
1887.1666666666667,-0.09743604392796479
1887.25,-0.49207840008725495
1887.3333333333333,-0.7584211150465772
1887.4166666666667,-0.2345926203621812
1887.5,-0.36613784970700447
1887.5833333333333,0.34779576235529974
1887.6666666666667,0.33621784870726534
1887.75,0.7416502541443091
1887.8333333333333,1.0122384862189284
1887.9166666666667,1.4297028255089093
1888.0,1.8720415575164657
1888.0833333333333,1.8545973596228886
1888.1666666666667,2.3484775724689606
1888.25,2.26329960426275
1888.3333333333333,2.332002716084853
1888.4166666666667,2.5898537334721192
1888.5,2.5259012921316772
1888.5833333333333,2.297457519121112
1888.6666666666667,2.161488650452833
1888.75,2.515687714099088
1888.8333333333333,2.9677725599002627
1888.9166666666667,3.3377840719047036
1889.0,2.5278875559769434
1889.0833333333333,2.1448301616429672
1889.1666666666667,2.189542995454784
1889.25,2.3128536760698455
1889.3333333333333,1.7511818172382072
1889.4166666666667,1.765522513178451
1889.5,1.7653549602927914
1889.5833333333333,1.6839963503965147
1889.6666666666667,1.396010132921139
1889.75,0.9590759257984194
1889.8333333333333,0.5033391836815351
1889.9166666666667,0.4389764903388396
1890.0,-0.29555589998916665
1890.0833333333333,-0.24631020800412462
1890.1666666666667,-0.3114404003578847
1890.25,-0.0757033008033002
1890.3333333333333,0.14888374225166395
1890.4166666666667,0.3649474647291595
1890.5,0.37884300307325924
1890.5833333333333,1.0599942338932966
1890.6666666666667,1.2180107583306308
1890.75,1.4756977765159676
1890.8333333333333,1.4479293188767395
1890.9166666666667,1.4743783055440982
1891.0,0.9949380825188752
1891.0833333333333,0.9970047115819253
1891.1666666666667,1.2986888034787765
1891.25,1.1648752704439305
1891.3333333333333,1.0822741109611185
1891.4166666666667,0.8097887936257743
1891.5,0.6103937149086601
1891.5833333333333,0.2040896709183497
1891.6666666666667,-0.826683321118616
1891.75,-0.9170423000387916
1891.8333333333333,-0.9328328165197366
1891.9166666666667,-1.0973154464467436
1892.0,-1.5780715423090896
1892.0833333333333,-1.6860961424131313
1892.1666666666667,-2.1394100412433783
1892.25,-2.4221072749668893
1892.3333333333333,-2.51435802252815
1892.4166666666667,-2.5776978828835744
1892.5,-2.0998101755070615
1892.5833333333333,-2.0715090945244077
1892.6666666666667,-1.6774511432559924
1892.75,-1.6971520676857095
1892.8333333333333,-1.205952689253066
1892.9166666666667,-0.8686892998924355
1893.0,-0.41021548362557975
1893.0833333333333,-0.20583817590019773
1893.1666666666667,-0.26649839599118125
1893.25,-0.3588799163466584
1893.3333333333333,0.10804606415404303
1893.4166666666667,0.3033680296041702
1893.5,0.7334390771946087
1893.5833333333333,0.23197397456332786
1893.6666666666667,0.5344300356698833
1893.75,0.5529562016369921
1893.8333333333333,0.12583784971808218
1893.9166666666667,0.03074989231914016
1894.0,-0.2831422459346644
1894.0833333333333,-0.58029214438804
1894.1666666666667,-1.190507165542118
1894.25,-1.0514783387849973
1894.3333333333333,-0.6114954823300635
1894.4166666666667,-0.5189733127550014
1894.5,-0.27700206733354893
1894.5833333333333,-0.04167757893686827
1894.6666666666667,0.1976862353027388
1894.75,0.057724977769445934
1894.8333333333333,0.28246636689232896
1894.9166666666667,0.22655090778565187
1895.0,0.30027891519042793
1895.0833333333333,0.2485787819288432
1895.1666666666667,0.4490944019723511
1895.25,0.7325555809035177
1895.3333333333333,0.8376111407965653
1895.4166666666667,1.1519126998025986
1895.5,0.7755338058063597
1895.5833333333333,0.4614326252766927
1895.6666666666667,0.5293774765856469
1895.75,0.5959807326270584
1895.8333333333333,0.6596607147556576
1895.9166666666667,0.556134762595424
1896.0,0.6260411634968697
1896.0833333333333,0.17805233819332966
1896.1666666666667,0.4059869954454759
1896.25,0.2630457406601658
1896.3333333333333,0.31802127213657744
1896.4166666666667,0.3265367263312821
1896.5,0.6053299737138202
1896.5833333333333,0.857616671363478
1896.6666666666667,0.5505869389791807
1896.75,0.898947990452726
1896.8333333333333,0.9693020080220361
1896.9166666666667,1.0736338168094959
1897.0,0.3822704751421796
1897.0833333333333,0.3166932802388174
1897.1666666666667,0.29851886508370645
1897.25,0.25014578482112015
1897.3333333333333,-0.015688683077023924
1897.4166666666667,-0.15985160058095693
1897.5,-0.2794348769244427
1897.5833333333333,-0.057321390204542744
1897.6666666666667,0.24584612230911101
1897.75,0.08620890733763431
1897.8333333333333,0.16591271266084423
1897.9166666666667,-0.1711571829162671
1898.0,-0.41739014245349215
1898.0833333333333,-0.05501052134226983
1898.1666666666667,0.22245766228676314
1898.25,0.4621868235449425
1898.3333333333333,1.3036233662140275
1898.4166666666667,0.2033044597252967
1898.5,-0.11232274275904258
1898.5833333333333,-0.2596197184883353
1898.6666666666667,-0.2144569269449663
1898.75,-0.18673158147902089
1898.8333333333333,-0.4208102351561195
1898.9166666666667,-0.4605071180203112
1899.0,-0.40674292764648556
1899.0833333333333,-0.04102598870393409
1899.1666666666667,0.0313937681457932
1899.25,0.1854073264290136
1899.3333333333333,0.6334179078361563
1899.4166666666667,0.9501504064623287
1899.5,1.0012959005826119
1899.5833333333333,1.0920774676827747
1899.6666666666667,1.598982188239268
1899.75,1.824364730044302
1899.8333333333333,1.932477428948865
1899.9166666666667,2.3771700547836923
1900.0,2.5737811567035203
1900.0833333333333,2.6897652963089254
1900.1666666666667,2.6734307147491387
1900.25,2.632424991793155
1900.3333333333333,2.4232858651637654
1900.4166666666667,2.4286393111291114
1900.5,2.6508372245072733
1900.5833333333333,2.050300059681794
1900.6666666666667,2.291044665160241
1900.75,1.930761348008881
1900.8333333333333,1.7974812589310531
1900.9166666666667,1.3490267445614519
1901.0,1.5441362892157335
1901.0833333333333,1.1385946036258678
1901.1666666666667,0.8747130120826396
1901.25,0.24736219890210964
1901.3333333333333,0.5972805426365093
1901.4166666666667,0.4568493362102799
1901.5,1.0564738337857364
1901.5833333333333,1.1866188520390433
1901.6666666666667,1.520542069357353
1901.75,1.5810256650797063
1901.8333333333333,1.797748962142049
1901.9166666666667,2.054744964153322
1902.0,2.0493974303292277
1902.0833333333333,2.015548143014376
1902.1666666666667,2.2808465227320154
1902.25,2.447111494513506
1902.3333333333333,2.6342382656398553
1902.4166666666667,2.8371212083532362
1902.5,2.470933589638776
1902.5833333333333,2.059537247477841
1902.6666666666667,2.2266499788554057
1902.75,3.3791235498939547
1902.8333333333333,2.8188898983770674
1902.9166666666667,2.9881822071487303
1903.0,2.546151546749457
1903.0833333333333,2.4686947627897795
1903.1666666666667,2.4210704457160572
1903.25,2.776058170571817
1903.3333333333333,2.668172464275373
1903.4166666666667,3.251612460807788
1903.5,3.8045952444353777
1903.5833333333333,4.429334624770491
1903.6666666666667,4.382261855560593
1903.75,4.292651107252161
1903.8333333333333,4.366353068275031
1903.9166666666667,4.237139504346584
1904.0,4.814895543923646
1904.0833333333333,5.535702310916057
1904.1666666666667,5.679272206609209
1904.25,5.349564824196267
1904.3333333333333,5.121558713443854
1904.4166666666667,5.136280831355525
1904.5,4.903155004760616
1904.5833333333333,4.621695794790069
1904.6666666666667,4.429908922806983
1904.75,4.409069249065878
1904.8333333333333,4.495909013171531
1904.9166666666667,4.611294789559357
1905.0,4.51508440653342
1905.0833333333333,4.318846765635964
1905.1666666666667,4.032969182358466
1905.25,3.6922139219511028
1905.3333333333333,3.674478571086425
1905.4166666666667,3.5098049687541724
1905.5,3.5217155866494543
1905.5833333333333,3.6851800488857687
1905.6666666666667,3.528747661148219
1905.75,3.493737868538207
1905.8333333333333,3.731781877907995
1905.9166666666667,3.9588610620698392
1906.0,3.967556692417593
1906.0833333333333,4.161458175295276
1906.1666666666667,4.3001783462784955
1906.25,4.53546414847521
1906.3333333333333,5.024064029103439
1906.4166666666667,5.122900541207512
1906.5,4.74700962429746
1906.5833333333333,4.737163429194408
1906.6666666666667,4.768194519702299
1906.75,4.985262450633309
1906.8333333333333,4.763862542710338
1906.9166666666667,5.004375945682998
1907.0,5.317972932143329
1907.0833333333333,5.879901160575104
1907.1666666666667,6.395998613068173
1907.25,6.540754954524776
1907.3333333333333,7.33295082211956
1907.4166666666667,7.780157555740239
1907.5,7.516669062085521
1907.5833333333333,7.66938793947507
1907.6666666666667,7.477365329913248
1907.75,8.833993148156218
1907.8333333333333,8.597017044490048
1907.9166666666667,7.74087028930902
1908.0,7.189638260406488
1908.0833333333333,7.1931616729456245
1908.1666666666667,6.891948886036456
1908.25,6.703198777698427
1908.3333333333333,5.630417127224622
1908.4166666666667,6.350533344627632
1908.5,6.448822843687027
1908.5833333333333,6.1672342573396195
1908.6666666666667,6.272488169991656
1908.75,6.398415573784291
1908.8333333333333,6.1411293814185965
1908.9166666666667,6.04315993348001
1909.0,5.858911263235579
1909.0833333333333,5.955257646841427
1909.1666666666667,5.859596707282833
1909.25,5.774055990348478
1909.3333333333333,5.726227688797467
1909.4166666666667,5.641457920805494
1909.5,5.409462646479066
1909.5833333333333,5.286729833582767
1909.6666666666667,5.053739405890738
1909.75,5.2310304239140475
1909.8333333333333,5.301875245129042
1909.9166666666667,5.260959034571181
1910.0,5.244998640213818
1910.0833333333333,5.384716903319012
1910.1666666666667,5.549236938822475
1910.25,5.896836351106258
1910.3333333333333,5.939787927567449
1910.4166666666667,6.272466456279635
1910.5,6.562238501354803
1910.5833333333333,6.327249337475833
1910.6666666666667,5.979510593695844
1910.75,5.248976494758454
1910.8333333333333,4.910485347643048
1910.9166666666667,5.248554838487441
1911.0,4.956762270364157
1911.0833333333333,4.436027884105169
1911.1666666666667,4.70699764010383
1911.25,4.325916070830982
1911.3333333333333,4.190655289205488
1911.4166666666667,4.066460981532016
1911.5,4.1520123743291
1911.5833333333333,4.910389645939884
1911.6666666666667,5.387584785592084
1911.75,5.344740984881334
1911.8333333333333,4.745119494291522
1911.9166666666667,4.409843542917356
1912.0,4.704764082383561
1912.0833333333333,4.914293070284786
1912.1666666666667,5.026588130344872
1912.25,5.1641620629539045
1912.3333333333333,5.011670072525541
1912.4166666666667,4.681405774368827
1912.5,4.635563479227684
1912.5833333333333,4.723887375824068
1912.6666666666667,4.697529258614506
1912.75,3.9873848016868005
1912.8333333333333,4.367991882974321
1912.9166666666667,4.314976142510912
1913.0,4.402058279252277
1913.0833333333333,4.705151250289679
1913.1666666666667,5.221025365417398
1913.25,5.251905504882283
1913.3333333333333,5.544852918046624
1913.4166666666667,6.192763674690525
1913.5,6.288622755167769
1913.5833333333333,6.083856612903771
1913.6666666666667,6.095116122182327
1913.75,6.510872196035137
1913.8333333333333,7.0702015740189275
1913.9166666666667,6.910640285813466
1914.0,6.342152742930661
1914.0833333333333,5.804232722367727
1914.1666666666667,6.073786169466489
1914.25,6.201077619782012
1914.3333333333333,6.567771883351263
1914.4166666666667,6.599441524600618
1914.5,7.296229128121015
1914.5833333333333,7.552710247656481
1914.6666666666667,7.4202323100275
1914.75,7.212274741887861
1914.8333333333333,7.160265201032106
1914.9166666666667,7.375482593558743
1915.0,7.190782363139475
1915.0833333333333,7.133471798685701
1915.1666666666667,6.8208639007930945
1915.25,6.370342372985319
1915.3333333333333,6.901695385902704
1915.4166666666667,6.814004213571461
1915.5,6.862615357373839
1915.5833333333333,6.3959240859477795
1915.6666666666667,6.221627196136815
1915.75,5.981421271578328
1915.8333333333333,5.788871956874941
1915.9166666666667,5.676964871216058
1916.0,5.9986791585310835
1916.0833333333333,6.105579976767148
1916.1666666666667,6.306359144997696
1916.25,6.5748722644587465
1916.3333333333333,6.457962029551506
1916.4166666666667,6.559125517043005
1916.5,7.036450096274429
1916.5833333333333,6.925546337440301
1916.6666666666667,6.830811376991239
1916.75,6.703148891235844
1916.8333333333333,6.752161327959103
1916.9166666666667,7.181205034640314
1917.0,7.700006175641586
1917.0833333333333,8.55316697341377
1917.1666666666667,8.379774541294136
1917.25,9.540489143548553
1917.3333333333333,10.03078440829968
1917.4166666666667,10.044670647542247
1917.5,10.031754123277208
1917.5833333333333,10.721879004303458
1917.6666666666667,11.842264421516823
1917.75,12.822085584760265
1917.8333333333333,14.498243667172828
1917.9166666666667,15.633999923668378
1918.0,15.411544909528264
1918.0833333333333,15.289235664348771
1918.1666666666667,15.436291759318099
1918.25,15.854915404352552
1918.3333333333333,15.937049095408245
1918.4166666666667,16.28850485196715
1918.5,16.764209330860854
1918.5833333333333,17.147949792457627
1918.6666666666667,17.755205758811705
1918.75,17.481795180631345
1918.8333333333333,17.463797411724727
1918.9166666666667,17.998283511502514
1919.0,18.213113329680375
1919.0833333333333,17.49565206825105
1919.1666666666667,17.293190745470643
1919.25,16.9814974654537
1919.3333333333333,16.11409583644895
1919.4166666666667,15.565526932897688
1919.5,15.772882117381556
1919.5833333333333,17.064096355555282
1919.6666666666667,16.7923414326749
1919.75,16.192257750459024
1919.8333333333333,17.02855770390374
1919.9166666666667,17.884105892950654
1920.0,18.63420961521563
1920.0833333333333,20.36970332504638
1920.1666666666667,19.179383998495133
1920.25,20.002702354681727
1920.3333333333333,21.76673789194917
1920.4166666666667,22.570609227300807
1920.5,22.364726750461543
1920.5833333333333,22.431643473371807
1920.6666666666667,21.32697127200524
1920.75,21.39375630594735
1920.8333333333333,22.368938063015108
1920.9166666666667,23.534006085393735
1921.0,21.92079629022203
1921.0833333333333,21.41431784325915
1921.1666666666667,21.609205781717527
1921.25,21.520858180944384
1921.3333333333333,20.295342319783582
1921.4166666666667,21.644775043781014
1921.5,21.723137134873227
1921.5833333333333,21.585157871859117
1921.6666666666667,20.64012363362299
1921.75,20.360686991963544
1921.8333333333333,19.35377082611144
1921.9166666666667,18.696752320380906
1922.0,17.951956182160135
1922.0833333333333,17.4080106815289
1922.1666666666667,16.243257308781896
1922.25,15.011860019363658
1922.3333333333333,14.427069252660306
1922.4166666666667,14.587981797708546
1922.5,14.56932746409172
1922.5833333333333,13.648243579404424
1922.6666666666667,13.170642498863803
1922.75,12.989248661951509
1922.8333333333333,13.690598043210201
1922.9166666666667,13.904051336828621
1923.0,13.441486988785211
1923.0833333333333,12.921581550482802
1923.1666666666667,12.721147552406912
1923.25,13.258943586124278
1923.3333333333333,13.948108359684205
1923.4166666666667,14.462548934004035
1923.5,15.082031447916542
1923.5833333333333,14.87019019438563
1923.6666666666667,14.821085527765074
1923.75,15.16527076029616
1923.8333333333333,14.670636211495335
1923.9166666666667,14.353740233689564
1924.0,13.962335892935629
1924.0833333333333,13.887619650281108
1924.1666666666667,14.000792613364045
1924.25,14.273334858362077
1924.3333333333333,14.221000739146007
1924.4166666666667,13.998729179276163
1924.5,13.487887811364763
1924.5833333333333,12.768930742272607
1924.6666666666667,13.028797514421841
1924.75,13.435201723474414
1924.8333333333333,12.721517587619612
1924.9166666666667,12.392891919221901
1925.0,11.98628708532386
1925.0833333333333,11.900102849113873
1925.1666666666667,12.416250134532483
1925.25,12.310340370448428
1925.3333333333333,12.00769852726628
1925.4166666666667,12.073372793126161
1925.5,12.036790116256757
1925.5833333333333,11.905952231040803
1925.6666666666667,11.68386460659949
1925.75,11.271163979524518
1925.8333333333333,11.216870688545685
1925.9166666666667,10.95786521554224
1926.0,10.71766660559602
1926.0833333333333,10.70847533329106
1926.1666666666667,11.131698916246485
1926.25,11.403621939591533
1926.3333333333333,11.110746549615293
1926.4166666666667,10.456095641367764
1926.5,9.859739029953635
1926.5833333333333,9.313677086725104
1926.6666666666667,9.083041184019535
1926.75,9.152901878758927
1926.8333333333333,8.936747716515262
1926.9166666666667,8.634766050322906
1927.0,8.35210825431001
1927.0833333333333,7.780984486131418
1927.1666666666667,7.513322496269457
1927.25,6.785537727855778
1927.3333333333333,6.446825650369489
1927.4166666666667,6.353629006855141
1927.5,6.044243496922626
1927.5833333333333,5.4351821876082616
1927.6666666666667,4.943039914607561
1927.75,4.939933865737846
1927.8333333333333,4.694837409275165
1927.9166666666667,4.39260426899995
1928.0,4.126463782849274
1928.0833333333333,3.895002692749825
1928.1666666666667,3.65953529425906
1928.25,3.1823715303227105
1928.3333333333333,2.8825490853708966
1928.4166666666667,2.862921297339497
1928.5,2.5300092823006883
1928.5833333333333,2.1602490360549087
1928.6666666666667,1.8121294561627836
1928.75,1.434507984784373
1928.8333333333333,0.9644668141462504
1928.9166666666667,0.7326400993958593
1929.0,0.45014539849113566
1929.0833333333333,0.6536990647710141
1929.1666666666667,0.4249048378068394
1929.25,0.22395419813419984
1929.3333333333333,0.17264044494609346
1929.4166666666667,0.22656304519137888
1929.5,-0.1618582994118073
1929.5833333333333,-0.470898532082388
1929.6666666666667,-0.606951631086497
1929.75,-0.36562270419569914
1929.8333333333333,0.7133692272285074
1929.9166666666667,0.2900008048493684
1930.0,-0.010822635497040323
1930.0833333333333,-0.43688622144010747
1930.1666666666667,-0.7524372205196805
1930.25,-1.1914769695241925
1930.3333333333333,-1.1533983314308063
1930.4166666666667,-0.8977438069471877
1930.5,-0.904626453973735
1930.5833333333333,-0.6757379401212925
1930.6666666666667,-0.42387408222914824
1930.75,0.3063690708103792
1930.8333333333333,0.7052520682753006
1930.9166666666667,1.0454922060588374
1931.0,0.8806309954358077
1931.0833333333333,0.5634474734884681
1931.1666666666667,0.4019637285697042
1931.25,0.9631114351787123
1931.3333333333333,1.5929703538700644
1931.4166666666667,1.6369824995931785
1931.5,1.3585027838757349
1931.5833333333333,1.5493991974094192
1931.6666666666667,2.7053310824360413
1931.75,3.7813566467066746
1931.8333333333333,3.464519086289506
1931.9166666666667,5.411516489418418
1932.0,5.401698211852566
1932.0833333333333,5.265908011265323
1932.1666666666667,5.257143929266872
1932.25,8.49792576527613
1932.3333333333333,10.130033260620136
1932.4166666666667,12.410976098602772
1932.5,11.540991841757048
1932.5833333333333,5.808985339692299
1932.6666666666667,4.6926287026325
1932.75,6.141159533027666
1932.8333333333333,6.061268616557149
1932.9166666666667,6.255143145346912
1933.0,5.540385057403731
1933.0833333333333,6.724674762850749
1933.1666666666667,6.584759037932628
1933.25,5.307830837845465
1933.3333333333333,2.74901631625868
1933.4166666666667,1.5294045467209825
1933.5,1.3692183456504525
1933.5833333333333,1.9380219800860896
1933.6666666666667,1.9426539845217041
1933.75,2.7136042354103727
1933.8333333333333,2.504861695483325
1933.9166666666667,2.337652587398352
1934.0,1.8888305469469722
1934.0833333333333,1.5491638140697526
1934.1666666666667,1.9977583686114562
1934.25,1.935215635981375
1934.3333333333333,2.7744981955740005
1934.4166666666667,2.804204524269345
1934.5,3.153029135162571
1934.5833333333333,3.5588081455892673
1934.6666666666667,4.001878164181143
1934.75,3.7366377272122246
1934.8333333333333,3.496436017184485
1934.9166666666667,3.2518880399899786
1935.0,3.5311025162538567
1935.0833333333333,3.991129006012654
1935.1666666666667,4.544215282497626
1935.25,4.072261218661087
1935.3333333333333,3.3650043199486106
1935.4166666666667,2.8247919232257166
1935.5,2.3253755404172987
1935.5833333333333,1.8521673753049417
1935.6666666666667,1.709523905249677
1935.75,1.530646538243631
1935.8333333333333,0.9044033083028286
1935.9166666666667,0.9589829641508785
1936.0,0.6345008355202513
1936.0833333333333,0.3031991832353434
1936.1666666666667,0.11986641291621691
1936.25,0.046053132009858666
1936.3333333333333,0.38968865356357807
1936.4166666666667,0.31610941699746486
1936.5,0.2233642935978726
1936.5833333333333,0.2778801820281763
1936.6666666666667,0.15801041292270931
1936.75,-0.15323636777370905
1936.8333333333333,-0.34157639075073076
1936.9166666666667,-0.26171082025578873
1937.0,-0.19147817965586636
1937.0833333333333,-0.2554466582997503
1937.1666666666667,-0.07852409874235383
1937.25,0.3281733524265896
1937.3333333333333,0.62037965103382
1937.4166666666667,0.7275546932276521
1937.5,0.7198237782659933
1937.5833333333333,0.7456142262218073
1937.6666666666667,1.652929551357993
1937.75,2.6337983197570627
1937.8333333333333,3.2697868622299437
1937.9166666666667,3.299238138244402
1938.0,2.8858466812653623
1938.0833333333333,3.0858458141780885
1938.1666666666667,3.6420989784192073
1938.25,4.130907317683165
1938.3333333333333,3.877639074427318
1938.4166666666667,3.7501644440433144
1938.5,2.399780533605336
1938.5833333333333,2.355910264939684
1938.6666666666667,2.550449467270413
1938.75,1.7787274932387651
1938.8333333333333,1.7613036620319045
1938.9166666666667,1.9895869007101588
1939.0,2.0700668161540854
1939.0833333333333,1.9857014083435125
1939.1666666666667,2.0294782447704858
1939.25,2.856903646779818
1939.3333333333333,2.5213062237963673
1939.4166666666667,2.3225714827656527
1939.5,2.028356036729082
1939.5833333333333,2.1061966700567147
1939.6666666666667,1.7934373511527428
1939.75,1.6031261671560353
1939.8333333333333,1.695121525565662
1939.9166666666667,1.8823727111642048
1940.0,1.8449926158429526
1940.0833333333333,2.0555367211535196
1940.1666666666667,2.151560517606964
1940.25,2.040533302472749
1940.3333333333333,3.0844754648737385
1940.4166666666667,3.9474300571291088
1940.5,3.7104691099934834
1940.5833333333333,3.6383899673062
1940.6666666666667,3.309206681458913
1940.75,3.3345933452265024
1940.8333333333333,3.2690244174055803
1940.9166666666667,3.900533222390959
1941.0,4.047838438753473
1941.0833333333333,4.62896330682669
1941.1666666666667,4.747715933885118
1941.25,5.1653928535461064
1941.3333333333333,5.583163087433986
1941.4166666666667,5.790160303011869
1941.5,5.373104057833633
1941.5833333333333,5.642892003608928
1941.6666666666667,5.919969516273362
1941.75,6.569975715858943
1941.8333333333333,7.255785021929934
1941.9166666666667,8.09662774390674
1942.0,8.377724425041956
1942.0833333333333,9.014327718468035
1942.1666666666667,9.989484720160222
1942.25,10.721421232122589
1942.3333333333333,11.04579168774196
1942.4166666666667,10.592353761816538
1942.5,10.353127198083714
1942.5833333333333,10.656446054631461
1942.6666666666667,10.652043750087252
1942.75,10.252615661656947
1942.8333333333333,10.323139333544542
1942.9166666666667,10.50825805493547
1943.0,10.119365235814598
1943.0833333333333,9.765444905290487
1943.1666666666667,9.905521660067995
1943.25,9.86649542606926
1943.3333333333333,9.667360744853056
1943.4166666666667,9.466776785756378
1943.5,8.897387762529995
1943.5833333333333,9.186150004782789
1943.6666666666667,9.145613260539237
1943.75,9.262224462976597
1943.8333333333333,9.729135245136993
1943.9166666666667,9.635154866849566
1944.0,9.368843717874288
1944.0833333333333,9.386811511961996
1944.1666666666667,9.170751556267561
1944.25,9.472082308911103
1944.3333333333333,9.345016828904624
1944.4166666666667,9.000715082036129
1944.5,8.915965960239099
1944.5833333333333,9.070582138511664
1944.6666666666667,9.09055027843642
1944.75,8.981533233906127
1944.8333333333333,9.069407014654805
1944.9166666666667,9.09300412662582
1945.0,8.718708882936275
1945.0833333333333,8.400173904196741
1945.1666666666667,8.427300332071185
1945.25,8.169453955308411
1945.3333333333333,7.996185719630161
1945.4166666666667,8.14532593658243
1945.5,8.316111469724172
1945.5833333333333,8.302016885970822
1945.6666666666667,7.821597266288069
1945.75,7.545994251796662
1945.8333333333333,7.264603473680929
1945.9166666666667,7.25881746980294
1946.0,7.016934325454079
1946.0833333333333,6.899061579392485
1946.1666666666667,7.3446233699462145
1946.25,7.022564907240902
1946.3333333333333,7.083960614331001
1946.4166666666667,7.210057268285235
1946.5,8.273944558974865
1946.5833333333333,8.659838147711223
1946.6666666666667,10.051583018992165
1946.75,10.584847069030607
1946.8333333333333,11.046659850288854
1946.9166666666667,10.931230061839763
1947.0,10.777967416384971
1947.0833333333333,10.41170862048277
1947.1666666666667,11.005042001644608
1947.25,11.230527663572895
1947.3333333333333,11.28485529039903
1947.4166666666667,11.023126451262737
1947.5,10.556057364060727
1947.5833333333333,10.95109223780216
1947.6666666666667,11.508689211783992
1947.75,11.239659547338416
1947.8333333333333,11.469919212401681
1947.9166666666667,11.913197089243802
1948.0,12.413325641961878
1948.0833333333333,12.812050084785856
1948.1666666666667,12.594515689644098
1948.25,12.16950031054999
1948.3333333333333,11.918067168503871
1948.4166666666667,11.753481139368555
1948.5,12.243242819353195
1948.5833333333333,12.641558155058846
1948.6666666666667,12.803093301492222
1948.75,12.607485528211438
1948.8333333333333,13.051732404994572
1948.9166666666667,13.103783423521193
1949.0,12.98559844076208
1949.0833333333333,13.343503412765608
1949.1666666666667,13.31319178392586
1949.25,13.55435854372077
1949.3333333333333,13.60556744549115
1949.4166666666667,14.359678892669796
1949.5,13.653175430332103
1949.5833333333333,13.436488137167558
1949.6666666666667,13.21939924064729
1949.75,12.920684542664873
1949.8333333333333,12.919955980889686
1949.9166666666667,12.538752170992378
1950.0,12.377451331835166
1950.0833333333333,12.139665169662326
1950.1666666666667,12.164080233493053
1950.25,11.924266123305864
1950.3333333333333,11.726693985923523
1950.4166666666667,11.605312575784083
1950.5,12.624655831063288
1950.5833333333333,12.260690914540668
1950.6666666666667,12.04616466375262
1950.75,11.865823581629897
1950.8333333333333,11.977266934561012
1950.9166666666667,12.189353128627989
1951.0,11.898759156334359
1951.0833333333333,11.844055145727522
1951.1666666666667,12.0096636801555
1951.25,11.848676067127077
1951.3333333333333,11.868144406708799
1951.4166666666667,11.820658882878607
1951.5,11.692697213559157
1951.5833333333333,11.208956621321098
1951.6666666666667,11.01696347260776
1951.75,10.997701425032115
1951.8333333333333,11.31357503596432
1951.9166666666667,11.071067066355054
1952.0,10.676999643852499
1952.0833333333333,10.623068016404314
1952.1666666666667,10.479452379456074
1952.25,10.520389396216313
1952.3333333333333,10.40653796912547
1952.4166666666667,10.270816211925103
1952.5,10.13275880719154
1952.5833333333333,10.050683182892763
1952.6666666666667,10.19276473573111
1952.75,10.255109844602087
1952.8333333333333,9.95385524208568
1952.9166666666667,9.593778273966826
1953.0,9.496362744553178
1953.0833333333333,9.576630755228763
1953.1666666666667,9.47610263844257
1953.25,9.726819747629627
1953.3333333333333,9.501029523636667
1953.4166666666667,9.846726592393617
1953.5,9.994449232654263
1953.5833333333333,10.099082396456593
1953.6666666666667,10.560037156783565
1953.75,10.609757559259156
1953.8333333333333,10.360914376609944
1953.9166666666667,10.370269083937067
1954.0,10.304345229837097
1954.0833333333333,10.169472728013387
1954.1666666666667,10.134313684560132
1954.25,9.811350560272986
1954.3333333333333,9.53500616531829
1954.4166666666667,9.43975891955168
1954.5,9.203533309436354
1954.5833333333333,9.035884137731523
1954.6666666666667,8.821118277091216
1954.75,8.645924352171837
1954.8333333333333,8.370552449297158
1954.9166666666667,7.9614728670576715
1955.0,7.781577622636572
1955.0833333333333,7.5715401259660835
1955.1666666666667,7.623475077402163
1955.25,7.381285877512961
1955.3333333333333,7.373630484653118
1955.4166666666667,6.941090871914069
1955.5,6.521811352416782
1955.5833333333333,6.520714830858974
1955.6666666666667,6.378423418526827
1955.75,6.788408978308573
1955.8333333333333,6.460790423634755
1955.9166666666667,6.264825808600271
1956.0,6.512350904143849
1956.0833333333333,6.6375586939811475
1956.1666666666667,6.091014132159605
1956.25,5.853257027214734
1956.3333333333333,6.175470056837125
1956.4166666666667,6.32518186984928
1956.5,5.495081588539033
1956.5833333333333,5.0837793863342435
1956.6666666666667,5.220463938019157
1956.75,5.232554325580104
1956.8333333333333,4.93870934627005
1956.9166666666667,4.753871397888699
1957.0,5.050735850161371
1957.0833333333333,5.537812004104427
1957.1666666666667,5.293317537541744
1957.25,5.173003200934927
1957.3333333333333,4.912398212751336
1957.4166666666667,4.654777995475149
1957.5,4.455478603235059
1957.5833333333333,4.6915841253376165
1957.6666666666667,4.772818123155337
1957.75,5.192737707581739
1957.8333333333333,5.647057113726221
1957.9166666666667,6.058955909049749
1958.0,6.059543495973559
1958.0833333333333,6.187788720846587
1958.1666666666667,6.299125007704467
1958.25,6.267794257358466
1958.3333333333333,5.979164604232958
1958.4166666666667,5.695567923070745
1958.5,5.227756453464144
1958.5833333333333,4.558516370700291
1958.6666666666667,4.182106633622132
1958.75,3.945709068664438
1958.8333333333333,3.9721033431446306
1958.9166666666667,3.733806321074788
1959.0,3.45207004870247
1959.0833333333333,3.631425020967783
1959.1666666666667,3.4647733018719253
1959.25,3.2587143118029176
1959.3333333333333,3.035432472605462
1959.4166666666667,3.06856984249297
1959.5,2.947063577364334
1959.5833333333333,2.9104756200802426
1959.6666666666667,2.8957426532419803
1959.75,3.1973736478613706
1959.8333333333333,3.139061226480766
1959.9166666666667,2.90100768681577
1960.0,2.9634527949424005
1960.0833333333333,3.474757761819632
1960.1666666666667,3.756823452125082
1960.25,3.71382962148633
1960.3333333333333,3.658318385692864
1960.4166666666667,3.6654561760249442
1960.5,3.931696060144467
1960.5833333333333,3.880170512478679
1960.6666666666667,4.0151038844062645
1960.75,4.068368452938366
1960.8333333333333,3.7970128516134802
1960.9166666666667,3.6259226159542193
1961.0,3.1844848651755875
1961.0833333333333,2.9103054689369383
1961.1666666666667,2.7510257772652915
1961.25,2.577863345904218
1961.3333333333333,2.5572348486320973
1961.4166666666667,2.450792621531351
1961.5,2.5240009310458356
1961.5833333333333,2.18168151884077
1961.6666666666667,2.2520573809431914
1961.75,2.2227504665063424
1961.8333333333333,1.9215321648647496
1961.9166666666667,1.7251533180928584
1962.0,1.8856943716482584
1962.0833333333333,1.9803478924056095
1962.1666666666667,2.092202095831082
1962.25,2.35452279329793
1962.3333333333333,2.722380214925571
1962.4166666666667,3.3481783573162485
1962.5,3.096728932160784
1962.5833333333333,2.983985079195849
1962.6666666666667,3.0994332976254526
1962.75,3.3500278187628956
1962.8333333333333,2.987112809180918
1962.9166666666667,2.8266895655685005
1963.0,2.706584182096207
1963.0833333333333,2.598767561103325
1963.1666666666667,2.632110095203833
1963.25,2.3703168769709992
1963.3333333333333,2.2857678405550934
1963.4166666666667,2.2505837092669823
1963.5,2.3555825629666556
1963.5833333333333,2.2147006613097977
1963.6666666666667,2.0210426714588685
1963.75,2.002157262287565
1963.8333333333333,2.0692523571010377
1963.9166666666667,2.019120782495401
1964.0,1.849756250154369
1964.0833333333333,1.826244310498492
1964.1666666666667,1.6871130342640448
1964.25,1.6635908141929896
1964.3333333333333,1.6257628241597906
1964.4166666666667,1.742966201728141
1964.5,1.622176896682615
1964.5833333333333,1.6536508374959624
1964.6666666666667,1.6674819662362976
1964.75,1.6172738247145637
1964.8333333333333,1.6874766984181138
1964.9166666666667,1.7847660253903164
1965.0,1.6772396482347505
1965.0833333333333,1.6383497482970675
1965.1666666666667,1.6926684744402731
1965.25,1.7044142006345735
1965.3333333333333,1.642501689402636
1965.4166666666667,1.9564194009378983
1965.5,1.9453470620649997
1965.5833333333333,1.823099265869578
1965.6666666666667,1.61157469856558
1965.75,1.5114242163623919
1965.8333333333333,1.3851050159745644
1965.9166666666667,1.3258172151926255
1966.0,1.2718973089050025
1966.0833333333333,1.1785616374618884
1966.1666666666667,1.3735257908352603
1966.25,1.4226847363845712
1966.3333333333333,1.604664683538902
1966.4166666666667,1.5940466672773566
1966.5,1.3785189143865235
1966.5833333333333,1.6228873124906562
1966.6666666666667,1.822798109081223
1966.75,2.1110043424481044
1966.8333333333333,1.7222795263778012
1966.9166666666667,1.9988484803566062
1967.0,2.0863127305986446
1967.0833333333333,1.850370456509899
1967.1666666666667,1.8528321766579827
1967.25,1.7450185317673512
1967.3333333333333,1.4241698664414577
1967.4166666666667,1.3322936774481078
1967.5,1.0970175118491632
1967.5833333333333,0.9602792002189733
1967.6666666666667,0.9320847323886952
1967.75,0.8131057033560186
1967.8333333333333,0.7089377826197576
1967.9166666666667,0.683384058863793
1968.0,0.8931350539988101
1968.0833333333333,1.1402357531354157
1968.1666666666667,1.0394369323284227
1968.25,0.8172456938925599
1968.3333333333333,0.5401156083205294
1968.4166666666667,0.6703087049696965
1968.5,0.9661176933087302
1968.5833333333333,1.2443883796378654
1968.6666666666667,1.1150936161089018
1968.75,0.9850589489287936
1968.8333333333333,0.8195879324794055
1968.9166666666667,0.5369700890587408
1969.0,0.7497662174861017
1969.0833333333333,0.75981495746427
1969.1666666666667,0.8993739535940515
1969.25,0.9957099691437197
1969.3333333333333,0.746956438786827
1969.4166666666667,0.8223010403273945
1969.5,0.97308502568546
1969.5833333333333,1.1318181972567816
1969.6666666666667,0.6637296580913311
1969.75,0.7289815133965996
1969.8333333333333,0.7469652335525295
1969.9166666666667,0.6391921886656167
1970.0,0.6411243374265158
1970.0833333333333,1.4668881693785927
1970.1666666666667,1.631977933280257
1970.25,1.608425219653714
1970.3333333333333,1.9662032140303598
1970.4166666666667,2.149954760404804
1970.5,2.621432625414055
1970.5833333333333,2.3582231493170833
1970.6666666666667,2.1961852727596263
1970.75,2.140193461165009
1970.8333333333333,2.7326345228659803
1970.9166666666667,2.845528742112452
1971.0,2.7705281704982716
1971.0833333333333,2.7221175943178055
1971.1666666666667,3.0336339371474166
1971.25,2.7622614301182624
1971.3333333333333,2.3678614175411576
1971.4166666666667,2.4746298795041684
1971.5,2.288173915191665
1971.5833333333333,2.6305165708427105
1971.6666666666667,2.914935363737993
1971.75,3.304704610417137
1971.8333333333333,3.732244230990704
1971.9166666666667,3.290990169479012
1972.0,3.0409213945432354
1972.0833333333333,2.8599563798766705
1972.1666666666667,2.7851006076088445
1972.25,2.6214335260434125
1972.3333333333333,2.786082771904063
1972.4166666666667,2.8378696724454158
1972.5,2.9320452728723523
1972.5833333333333,2.6821906525101378
1972.6666666666667,2.4369897516160757
1972.75,2.582085013722476
1972.8333333333333,2.5559143714735604
1972.9166666666667,2.4105412407063516
1973.0,2.3156980894173076
1973.0833333333333,2.4540442446005293
1973.1666666666667,2.5995009873511887
1973.25,2.872587050572295
1973.3333333333333,2.988582385959896
1973.4166666666667,3.171476630981049
1973.5,2.898749194774479
1973.5833333333333,3.066264186836655
1973.6666666666667,3.3160456131076406
1973.75,3.495899613495179
1973.8333333333333,4.165232876025112
1973.9166666666667,4.775292805378347
1974.0,4.594596555731904
1974.0833333333333,5.085036792270414
1974.1666666666667,4.762201639786083
1974.25,4.960750475464691
1974.3333333333333,5.389286865137604
1974.4166666666667,5.5562453619213095
1974.5,6.546966047561876
1974.5833333333333,7.035410055748782
1974.6666666666667,8.468021082031658
1974.75,8.626254316371854
1974.8333333333333,8.633796362510356
1974.9166666666667,9.854815767561231
1975.0,8.970710376206053
1975.0833333333333,8.195279568678355
1975.1666666666667,7.456923635728159
1975.25,6.896614211146764
1975.3333333333333,6.5977109538501555
1975.4166666666667,6.647544885536491
1975.5,6.6554175378377085
1975.5833333333333,7.073919893749695
1975.6666666666667,7.272825998014894
1975.75,7.188366226841956
1975.8333333333333,7.254640613399571
1975.9166666666667,7.482911727993851
1976.0,6.946703647215663
1976.0833333333333,6.558911531161625
1976.1666666666667,6.570974195020654
1976.25,6.670850773515282
1976.3333333333333,6.522509142016972
1976.4166666666667,6.5769695495819045
1976.5,6.472684483001667
1976.5833333333333,6.64018845110224
1976.6666666666667,6.70507991951081
1976.75,7.21916591120819
1976.8333333333333,7.433305353541309
1976.9166666666667,7.622431423336456
1977.0,7.457212881987164
1977.0833333333333,7.72119798170131
1977.1666666666667,7.789782266979079
1977.25,8.160570988688848
1977.3333333333333,8.16952548468146
1977.4166666666667,8.404411175243041
1977.5,8.341074274420105
1977.5833333333333,8.549913740550604
1977.6666666666667,8.806992975670308
1977.75,8.936165065528144
1977.8333333333333,8.896682840305301
1977.9166666666667,8.882704743246743
1978.0,9.106792359776852
1978.0833333333333,9.308179269215703
1978.1666666666667,9.46846265534384
1978.25,9.03450911154029
1978.3333333333333,8.485883777505823
1978.4166666666667,8.521906255430679
1978.5,8.499996751231308
1978.5833333333333,8.11464757371171
1978.6666666666667,8.237040403865368
1978.75,8.482982227045277
1978.8333333333333,9.04137097825752
1978.9166666666667,8.75484924436704
1979.0,8.434488113791978
1979.0833333333333,8.803605660113663
1979.1666666666667,8.720038013463213
1979.25,8.647595026293251
1979.3333333333333,9.105296552439984
1979.4166666666667,9.429245649469737
1979.5,9.482550142401516
1979.5833333333333,9.074647769688395
1979.6666666666667,8.878609127487595
1979.75,8.481528736369672
1979.8333333333333,8.394033968829683
1979.9166666666667,8.405555037918038
1980.0,7.983469845349189
1980.0833333333333,6.213716522876529
1980.1666666666667,7.309897274157998
1980.25,9.000066928921115
1980.3333333333333,9.95870518638713
1980.4166666666667,9.829741883754902
1980.5,8.816451154968643
1980.5833333333333,7.808383787866598
1980.6666666666667,7.283595962550317
1980.75,6.902959268576778
1980.8333333333333,5.679183757499566
1980.9166666666667,5.856753108409246
1981.0,6.364166621778889
1981.0833333333333,6.353679324489462
1981.1666666666667,6.156947349846032
1981.25,5.637666153137551
1981.3333333333333,5.581888284693018
1981.4166666666667,6.296378958832877
1981.5,6.011015664206903
1981.5833333333333,5.471136340610771
1981.6666666666667,6.48202901372531
1981.75,6.531497355094401
1981.8333333333333,8.055833329807847
1981.9166666666667,7.6719176754106115
1982.0,7.603574951320222
1982.0833333333333,8.135128973041267
1982.1666666666667,9.130425630141717
1982.25,8.528868981483443
1982.3333333333333,8.982571898673003
1982.4166666666667,9.451603152662761
1982.5,9.925864350563968
1982.5833333333333,10.80140872210017
1982.6666666666667,9.98093768756104
1982.75,10.37727640163862
1982.8333333333333,10.168839765063211
1982.9166666666667,9.938633373179826
1983.0,9.6255295626269
1983.0833333333333,9.10340188550722
1983.1666666666667,8.820851061293215
1983.25,8.59376316392126
1983.3333333333333,8.24088832454137
1983.4166666666667,7.602510331623158
1983.5,7.077177393272027
1983.5833333333333,6.739685291074513
1983.6666666666667,6.705890471981759
1983.75,6.733469414075638
1983.8333333333333,6.685883741509796
1983.9166666666667,6.525964409105087
1984.0,6.574306761357711
1984.0833333333333,6.937144418105561
1984.1666666666667,6.3392502935455965
1984.25,6.060971379474149
1984.3333333333333,5.264208935378019
1984.4166666666667,5.32353611982679
1984.5,5.654976028544547
1984.5833333333333,5.321848756676341
1984.6666666666667,5.3758978119069445
1984.75,5.760107851846759
1984.8333333333333,6.162119253361201
1984.9166666666667,6.253264079268329
1985.0,5.933315692808744
1985.0833333333333,5.297390767310898
1985.1666666666667,5.058811726454482
1985.25,5.476309593341072
1985.3333333333333,5.844401151764893
1985.4166666666667,6.307921955481515
1985.5,5.900797514012888
1985.5833333333333,6.100012096180499
1985.6666666666667,6.268656154794
1985.75,6.3058986698610955
1985.8333333333333,6.198151591544778
1985.9166666666667,6.305996751515096
1986.0,6.368185902322783
1986.0833333333333,6.326570656270636
1986.1666666666667,6.688280325039593
1986.25,6.907103381145846
1986.3333333333333,6.446579679293478
1986.4166666666667,6.184200539550401
1986.5,6.770006219295127
1986.5833333333333,6.722047828635412
1986.6666666666667,6.678208850013793
1986.75,6.675361068841356
1986.8333333333333,6.606595685814572
1986.9166666666667,6.6109702069103795
1987.0,6.2552225871873635
1987.0833333333333,5.633488935618441
1987.1666666666667,5.374249744226313
1987.25,4.660943150618278
1987.3333333333333,4.069397570932958
1987.4166666666667,4.002054942434858
1987.5,3.762551726106221
1987.5833333333333,3.1518001960628568
1987.6666666666667,2.713808980686023
1987.75,3.3885399558438363
1987.8333333333333,4.924797924525398
1987.9166666666667,4.871401448491447
1988.0,4.877025449457398
1988.0833333333333,5.095472216058204
1988.1666666666667,4.720299705962884
1988.25,4.452705830833657
1988.3333333333333,4.217868506100306
1988.4166666666667,3.963841085063305
1988.5,3.860967549508623
1988.5833333333333,3.831922345219643
1988.6666666666667,4.042123697308584
1988.75,3.9545427218485307
1988.8333333333333,3.927100223761787
1988.9166666666667,3.626845035879284
1989.0,3.43199334997088
1989.0833333333333,3.1099424417409924
1989.1666666666667,2.94507277065168
1989.25,2.911932630234805
1989.3333333333333,2.9612224452634366
1989.4166666666667,3.2801698589948143
1989.5,3.3183324471873243
1989.5833333333333,2.905887737212181
1989.6666666666667,2.7524537130818825
1989.75,2.922008054853489
1989.8333333333333,3.1206213805868224
1989.9166666666667,2.9230540597029107
1990.0,2.7110461834883477
1990.0833333333333,2.545090955106001
1990.1666666666667,2.206765536917707
1990.25,1.9129445488778138
1990.3333333333333,1.6665497777807612
1990.4166666666667,1.7515428083203
1990.5,1.8238518796174517
1990.5833333333333,2.1142960868162954
1990.6666666666667,2.324301863874957
1990.75,2.6710863834608745
1990.8333333333333,2.7744027536762097
1990.9166666666667,2.713350287088985
1991.0,2.7783293808916683
1991.0833333333333,2.2807981407616205
1991.1666666666667,1.8152543511216632
1991.25,1.7261417915378865
1991.3333333333333,1.6819875859940443
1991.4166666666667,1.4164945242447344
1991.5,1.3004730493853922
1991.5833333333333,1.499805081933412
1991.6666666666667,1.7400877305726405
1991.75,1.855350631430975
1991.8333333333333,1.9802084951974324
1991.9166666666667,2.2392289241092467
1992.0,1.9160569763829356
1992.0833333333333,1.6596949753805774
1992.1666666666667,1.6023313388901026
1992.25,1.6285934688981207
1992.3333333333333,1.5402822169063308
1992.4166666666667,1.6695001272217131
1992.5,1.9777611352638633
1992.5833333333333,2.209791082609225
1992.6666666666667,2.391424738681245
1992.75,2.3149941896531736
1992.8333333333333,1.950157027850366
1992.9166666666667,1.933671177275391
1993.0,2.163634959938597
1993.0833333333333,2.4762232417321632
1993.1666666666667,2.720141370641856
1993.25,2.7782730536251425
1993.3333333333333,2.6453373546910575
1993.4166666666667,2.686917161722038
1993.5,2.8056084282618188
1993.5833333333333,2.8753403914616533
1993.6666666666667,3.1236860631154597
1993.75,3.1395305530902258
1993.8333333333333,2.75217786202739
1993.9166666666667,2.663449947564564
1994.0,2.5960655912227617
1994.0833333333333,2.393251705830031
1994.1666666666667,1.9954678488364879
1994.25,1.6553849274837045
1994.3333333333333,1.3874324550450658
1994.4166666666667,1.4494740216395303
1994.5,1.2922687944643276
1994.5833333333333,1.2408744966443181
1994.6666666666667,0.9895185318056456
1994.75,0.72995277900827
1994.8333333333333,0.5689940976984122
1994.9166666666667,0.7930468977323073
1995.0,0.768413220032451
1995.0833333333333,0.9319888648623077
1995.1666666666667,1.117661660186179
1995.25,1.1362181625356542
1995.3333333333333,1.4329172732935456
1995.4166666666667,1.7806905868943395
1995.5,1.5275527417729666
1995.5833333333333,1.3424483051002771
1995.6666666666667,1.5053027578776017
1995.75,1.6642280544388328
1995.8333333333333,1.6667268345671422
1995.9166666666667,1.7399894631425272
1996.0,1.8748642274762388
1996.0833333333333,1.5880340213838688
1996.1666666666667,1.2808924489647406
1996.25,1.1314165557100118
1996.3333333333333,0.8332947503943213
1996.4166666666667,0.5901787420619433
1996.5,0.8216982433031643
1996.5833333333333,0.9648545943907384
1996.6666666666667,0.7196087253397376
1996.75,0.924878619917694
1996.8333333333333,1.1142512391144297
1996.9166666666667,0.9867757351768862
1997.0,0.5964224553904267
1997.0833333333333,0.6392356901558726
1997.1666666666667,0.4037985849536893
1997.25,0.3146492909421761
1997.3333333333333,0.16766740896874271
1997.4166666666667,0.2220591564326871
1997.5,0.33019924737657214
1997.5833333333333,0.23199860163869745
1997.6666666666667,0.2860421720956019
1997.75,0.4428715221784476
1997.8333333333333,0.6305989145573482
1997.9166666666667,0.6227919433666657
1998.0,0.9008978503259327
1998.0833333333333,0.7011243337318774
1998.1666666666667,0.46981217356415367
1998.25,0.3733896183054083
1998.3333333333333,0.37046597965648237
1998.4166666666667,0.5006299559090395
1998.5,0.4061260065924086
1998.5833333333333,0.704574198849224
1998.6666666666667,1.3372572807667804
1998.75,1.5868041795129757
1998.8333333333333,0.9932767869394954
1998.9166666666667,1.0498406616905278
1999.0,0.8422395904421741
1999.0833333333333,0.5430915654810311
1999.1666666666667,0.22799872986621583
1999.25,0.2091343199128487
1999.3333333333333,-0.20114592557857053
1999.4166666666667,-0.5651233674096774
1999.5,-0.5381635771489275
1999.5833333333333,-0.5767841559380464
1999.6666666666667,-0.5055583707553275
1999.75,-0.6805021431552202
1999.8333333333333,-0.7704917120284469
1999.9166666666667,-1.0886526695300769
2000.0,-1.5216742165251378
2000.0833333333333,-1.283307157952788
2000.1666666666667,-1.0517110844577904
2000.25,-0.8080416559942307
2000.3333333333333,-1.1844161384851968
2000.4166666666667,-0.8916024776085094
2000.5,-0.8559758370781042
2000.5833333333333,-0.7362332577598847
2000.6666666666667,-0.6842921298466565
2000.75,-0.515024963216466
2000.8333333333333,-0.473691335664319
2000.9166666666667,0.10472183525711484
2001.0,0.20964838742171776
2001.0833333333333,0.38171588679033164
2001.1666666666667,0.9027368740900065
2001.25,0.692864253812505
2001.3333333333333,0.2854935513088356
2001.4166666666667,0.47185158539475547
2001.5,0.5530045551757244
2001.5833333333333,0.8680128312688474
2001.6666666666667,1.539272195080956
2001.75,1.5346369150707049
2001.8333333333333,1.240978113499089
2001.9166666666667,0.6989283639199637
2002.0,0.781372690273887
2002.0833333333333,1.0500638782444622
2002.1666666666667,0.5489876941598658
2002.25,0.8078580810792747
2002.3333333333333,0.9507505473918293
2002.4166666666667,1.384302990426317
2002.5,2.1261397043573536
2002.5833333333333,2.4983992645496875
2002.6666666666667,3.108292521066379
2002.75,3.102312009033912
2002.8333333333333,2.70630215656303
2002.9166666666667,2.7566733863023996
2003.0,2.769858313672952
2003.0833333333333,3.3093626579452162
2003.1666666666667,3.4038561227224706
2003.25,2.969093660099297
2003.3333333333333,3.108303120914517
2003.4166666666667,3.1333994639806315
2003.5,2.488861521116166
2003.5833333333333,2.066174419743621
2003.6666666666667,2.1615329750958194
2003.75,2.0204667534416596
2003.8333333333333,1.936105027953544
2003.9166666666667,1.8553955987951585
2004.0,1.8583060527543431
2004.0833333333333,1.9494926722588706
2004.1666666666667,2.333251982148753
2004.25,1.8301491150888145
2004.3333333333333,1.6561827151167803
2004.4166666666667,1.5710763876718479
2004.5,1.8611708650646763
2004.5833333333333,2.1258461039960035
2004.6666666666667,2.193543527159072
2004.75,2.309859127393879
2004.8333333333333,2.0548552436493535
2004.9166666666667,1.8826546160026048
2005.0,1.9504478510848466
2005.0833333333333,1.9963856578660892
2005.1666666666667,1.7699015247125027
2005.25,2.103801435787954
2005.3333333333333,2.236015266666564
2005.4166666666667,2.2985694371145335
2005.5,2.133855847262456
2005.5833333333333,2.106072988460471
2005.6666666666667,2.3262867961467406
2005.75,2.186831258412467
2005.8333333333333,1.8671943606583967
2005.9166666666667,1.82760880558126
2006.0,1.8919623016402418
2006.0833333333333,1.76100583715008
2006.1666666666667,1.6034756518481332
2006.25,1.4071468701830265
2006.3333333333333,1.3923101060018144
2006.4166666666667,1.5479427109228185
2006.5,1.5872540365558525
2006.5833333333333,1.7404992388477432
2006.6666666666667,1.7252358568579713
2006.75,1.4957394479780748
2006.8333333333333,1.536531799292988
2006.9166666666667,1.5434945553057973
2007.0,1.3525971882152814
2007.0833333333333,1.4006346214000474
2007.1666666666667,1.779692902072759
2007.25,1.597472166937363
2007.3333333333333,1.529394924756413
2007.4166666666667,1.2036950871557859
2007.5,1.2893722157572638
2007.5833333333333,1.7573749248513812
2007.6666666666667,1.8275363450433921
2007.75,1.732557871025585
2007.8333333333333,2.406114015755905
2007.9166666666667,2.4280362312110384
2008.0,3.129920745408555
2008.0833333333333,3.234037497808536
2008.1666666666667,3.7009681686571745
2008.25,3.4322355344470306
2008.3333333333333,3.2380178781063007
2008.4166666666667,3.349488625530591
2008.5,3.8029082463546775
2008.5833333333333,3.758600802202441
2008.6666666666667,4.1701440614025405
2008.75,5.111897773667281
2008.8333333333333,5.644210976560478
2008.9166666666667,6.604212911453507
2009.0,6.610078491430064
2009.0833333333333,6.78959919812928
2009.1666666666667,7.257764095499662
2009.25,6.26831639484654
2009.3333333333333,5.514582688117511
2009.4166666666667,5.024359736146321
2009.5,5.023756481696085
2009.5833333333333,4.528872133608227
2009.6666666666667,4.459761953590999
2009.75,4.317009778018653
2009.8333333333333,4.1896014709401825
2009.9166666666667,3.854959650499099
2010.0,3.670267875025125
2010.0833333333333,3.800794407364604
2010.1666666666667,3.4595708150527074
2010.25,3.176640457611752
2010.3333333333333,3.899284791518766
2010.4166666666667,4.238219488690161
2010.5,4.4255547690110735
2010.5833333333333,4.723539354586324
2010.6666666666667,4.574669553427986
2010.75,4.481380288733907
2010.8333333333333,4.159876370556092
2010.9166666666667,3.5101900448263765
2011.0,3.2812539448880593
2011.0833333333333,3.0059945553653087
2011.1666666666667,3.361841514661042
2011.25,3.29082239694833
2011.3333333333333,3.5984982522714573
2011.4166666666667,3.928355398486965
2011.5,3.864150412461091
2011.5833333333333,5.157302652726256
2011.6666666666667,5.535835455144062
2011.75,5.263931624005205
2011.8333333333333,5.36640488217246
2011.9166666666667,5.368904955454706
2012.0,5.242371612296642
2012.0833333333333,5.120576009564928
2012.1666666666667,4.88728193026747
2012.25,5.0382220122844465
2012.3333333333333,5.459875443949011
2012.4166666666667,5.710696444269778
2012.5,5.6678853537402
2012.5833333333333,5.449234426452058
2012.6666666666667,5.357829018703529
2012.75,5.350822237287468
2012.8333333333333,5.552737765751055
2012.9166666666667,5.401113797173478
2013.0,5.053793823643512
2013.0833333333333,4.957197496696166
2013.1666666666667,4.868479759534901
2013.25,5.045254718824473
2013.3333333333333,4.7559095488884795
2013.4166666666667,4.489945265677714
2013.5,4.09753287319043
2013.5833333333333,3.935689013580905
2013.6666666666667,3.828725169072639
2013.75,3.9331513230855557
2013.8333333333333,3.702468601214938
2013.9166666666667,3.496817330504106
2014.0,3.5253275788467686
2014.0833333333333,3.701939702321903
2014.1666666666667,3.6323988184061067
2014.25,3.6708065945364887
2014.3333333333333,3.77139623445997
2014.4166666666667,3.6215896801316863
2014.5,3.654456762168655
2014.5833333333333,3.7821815914264687
2014.6666666666667,3.6129997383744907
2014.75,3.879451714968592
2014.8333333333333,3.5730893913858877
2014.9166666666667,3.646245242106452
2015.0,3.949169066533732
2015.0833333333333,3.764335535539709
2015.1666666666667,3.7223880316747766
2015.25,3.765970126494353
2015.3333333333333,3.566268687821994
2015.4166666666667,3.480382083528459
2015.5,3.490375080858251
2015.5833333333333,3.675283783365524
2015.6666666666667,3.7258269041931786
2015.75,3.6414970181741113
2015.8333333333333,3.402242255350267
2015.9166666666667,3.466942119815271
2016.0,3.8363476058954777
2016.0833333333333,4.169246065319602
2016.1666666666667,3.82188111755389
2016.25,3.7801695835920883
2016.3333333333333,3.805057974861074
2016.4166666666667,3.9664015774759065
2016.5,3.9361427411852343
2016.5833333333333,3.8300806050264367
2016.6666666666667,3.8651942503325016
2016.75,3.8318053948397797
2016.8333333333333,3.4053579702832946
2016.9166666666667,2.907998946369795
2017.0,2.9707513831380634
2017.0833333333333,2.8848426114245402
2017.1666666666667,2.689051103307533
2017.25,2.8550370848229605
2017.3333333333333,2.7535015841958352
2017.4166666666667,2.8031372275517277
2017.5,2.6402816566006155
2017.5833333333333,2.809056889608664
2017.6666666666667,2.816721133662204
2017.75,2.547915717932928
2017.8333333333333,2.458856585558608
2017.9166666666667,2.331312977249681
2018.0,2.04186633335549
2018.0833333333333,1.8975837596655443
2018.1666666666667,1.8751132383798625
2018.25,1.9090860063881392
2018.3333333333333,1.7318266255325292
2018.4166666666667,1.6730979295013715
2018.5,1.6153150850947942
2018.5833333333333,1.6127083652587602
2018.6666666666667,1.506511158394492
2018.75,1.6340087128316707
2018.8333333333333,1.9163540746558332
2018.9166666666667,2.502437555396487
2019.0,2.5866221302712584
2019.0833333333333,2.4705412201290358
2019.1666666666667,2.6091124483199852
2019.25,2.614961805213019
2019.3333333333333,2.8384138933322762
2019.4166666666667,3.0885119389954174
2019.5,3.471601405535238
2019.5833333333333,3.597141238067919
2019.6666666666667,3.466280741681186
2019.75,3.5157941464796743
2019.8333333333333,3.2874241630862984
2019.9166666666667,3.19140832649583
2020.0,3.226573018832743
2020.0833333333333,3.5387275516498744
2020.1666666666667,4.880147089472062
2020.25,4.831743654444488
2020.3333333333333,4.616322986985427
2020.4166666666667,4.430152323591066
2020.5,4.500188596956497
2020.5833333333333,4.3191404179545545
2020.6666666666667,4.330560842791707
2020.75,4.166069749022171
2020.8333333333333,3.9584837150407766
2020.9166666666667,3.772721745925204
2021.0,3.5534737619675023
2021.0833333333333,3.3301489166802978
2021.1666666666667,2.958224698608873
2021.25,2.815845825375854
2021.3333333333333,2.881834542561663
2021.4166666666667,3.076159376533141
2021.5,3.261658108639498
2021.5833333333333,3.257342884736949
2021.6666666666667,3.204241607577746
2021.75,3.125872881410066
2021.8333333333333,3.111998589990427
2021.9166666666667,3.2773352076795375
2022.0,3.1247786313865853
2022.0833333333333,3.1293678922879584
2022.1666666666667,3.071667305459588
2022.25,2.5106179878196198
2022.3333333333333,2.794254787447916
2022.4166666666667,2.8915813659970384
2022.5,3.1522201242460786
2022.5833333333333,2.9013917428899814
2022.6666666666667,2.5426554002999175
2022.75,2.2784690077350302
2022.8333333333333,2.237904647401622
2022.9166666666667,2.5117462709333225
2023.0,2.650935914969727
2023.0833333333333,2.332967294830262
2023.1666666666667,2.5442009128978302
2023.25,2.7112194384912947
2023.3333333333333,2.6091305111968506
2023.4166666666667,2.300848710357977
2023.5,2.063515285723891
2023.5833333333333,1.8356875695553152
2023.6666666666667,1.8722853569909235
2023.75,1.6715762108147374
2023.8333333333333,1.9466737496791955
2023.9166666666667,2.326695519338802
2024.0,2.2039928664083
2024.0833333333333,1.7969302225810166
2024.1666666666667,1.7807628647561888
2024.25,1.4466563606066825
2024.3333333333333,1.508099734055189
2024.4166666666667,1.607771379050756
2024.5,1.8341807104044936
2024.5833333333333,1.9938019029316993
2024.6666666666667,2.0718590228345564
2024.75,1.6396554054307624
2024.8333333333333,1.61995626221137
2024.9166666666667,1.314328464232773
2025.0,1.2699360349030149
2025.0833333333333,1.6689379673552007
2025.1666666666667,1.8433375382791655
2025.25,1.9594033218547449
2025.3333333333333,1.573743941281075
2025.4166666666667,1.6505143105966325
2025.5,1.4860350985382749
2025.5833333333333,1.5916673406761908
2025.6666666666667,1.6028655008379509
2025.75,1.614539416818219
2025.8333333333333,1.7167198699982185
2025.9166666666667,1.5936914990955044
2026.0,1.5027430309099656
2026.0833333333333,1.8259051280868646
2026.1666666666667,1.6391452426884416
2026.25,1.3216697129830657
2026.3333333333333,1.156042269888877
2026.4166666666667,1.2377697477102976
2026.5,0.934925289233939
2026.5833333333333,1.0048393225592551
