company,field,provenance
赤峰黄金 Chifeng,production,"DISCLOSED & CONFIRMED (14.51 t FY2025, -4.3% vs 15.16 t in 2024, per China Gold Association on the 2025 annual report). The '16.7 t' figure circulating in one source is WRONG."
赤峰黄金 Chifeng,AISC,"DISCLOSED BUT STALE: US$1,179.1/oz for FY2023 (H-share prospectus; vs a US$1,348.5/oz global average that year) -- i.e. a GENUINE cost advantage in 2023. *** FY2026 AISC is NOT DISCLOSED and is certainly far higher: H1-2026 unit cost of sales rose +20.18% to CNY383.44/g on resource tax, royalties and the gold-linked levy. Broker range CNY400-500/g approx US$1,750-2,190/oz. The band below spans 1,179 -> 2,190. ***"
赤峰黄金 Chifeng,share count,DERIVED from mcap ~CNY82.6bn / CNY44.26
招金矿业 Zhaojin,production,"DISCLOSED (mined gold 19.79 t FY2025, +7.93%; total 27.23 t). *** H1-2026 WARNING: mined gold FELL 21.87% to 7,997 kg and total gold fell 12.33%, on tightened domestic mine-safety supervision. FY2026 will not repeat FY2025. ***"
招金矿业 Zhaojin,AISC,UNKNOWN - Zhaojin does NOT disclose AISC. WIDE ASSUMED RANGE for sensitivity only. DO NOT QUOTE AS FACT.
招金矿业 Zhaojin,share count,"DISCLOSED (share capital RMB3,542,393k)"
Allied Gold,production,"DISCLOSED (379,081 oz FY2025, beat >375koz guidance). FY2026 guidance 485-575 koz incl. Kurmuk -- but first gold only ~mid/late Sep 2026, so treat as BOTTOM-HALF."
Allied Gold,AISC,"DISCLOSED: Q1-2026 consolidated AISC US$2,264/oz (worse than the Q4-2025 ~US$1,980 previously used). Kurmuk targets <US$1,200/oz. The low end of the band (1,700) is MY ARITHMETIC for a post-Kurmuk blend, NOT company guidance."
Allied Gold,share count,DERIVED - LOW CONFIDENCE
